timestamp_utc,altitude_m,gimbal_pitch,lateral_distance_m,ratio,violation,num_persons,drone_lat,drone_lon
2026-06-12T11:18:23.193438+00:00,18.2,-32.7,5.6,0.31,True,1,60.130455,24.515491
2026-06-12T11:18:23.276395+00:00,18.2,-32.7,5.6,0.31,True,1,60.130455,24.515491
2026-06-12T11:18:23.364060+00:00,18.2,-32.7,5.8,0.32,True,1,60.130455,24.515491
2026-06-12T11:18:23.499824+00:00,18.2,-32.7,5.2,0.29,True,1,60.130455,24.515491
2026-06-12T11:18:23.578045+00:00,18.2,-32.7,4.4,0.24,True,1,60.130455,24.515491
2026-06-12T11:18:23.701976+00:00,18.2,-32.7,4.4,0.24,True,1,60.130455,24.515491
2026-06-12T11:18:23.785989+00:00,18.2,-32.7,4.5,0.25,True,1,60.130455,24.515491
2026-06-12T11:18:23.882879+00:00,18.2,-32.7,4.7,0.26,True,1,60.130455,24.515491
2026-06-12T11:18:23.954825+00:00,18.2,-32.7,4.0,0.22,True,1,60.130455,24.515491
2026-06-12T11:18:24.075557+00:00,18.2,-32.7,4.0,0.22,True,1,60.130455,24.515491
2026-06-12T11:18:24.190614+00:00,18.2,-32.7,3.8,0.21,True,1,60.130455,24.515491
2026-06-12T11:18:24.286383+00:00,18.2,-32.7,4.0,0.22,True,1,60.130455,24.515491
2026-06-12T11:18:24.378089+00:00,18.2,-32.7,4.0,0.22,True,1,60.130455,24.515491
2026-06-12T11:18:24.469267+00:00,18.2,-32.7,4.0,0.22,True,1,60.130455,24.515491
2026-06-12T11:18:24.559633+00:00,18.2,-32.7,4.0,0.22,True,1,60.130455,24.515491
2026-06-12T11:18:24.670485+00:00,18.2,-32.7,4.0,0.22,True,1,60.130455,24.515491
2026-06-12T11:18:24.781655+00:00,18.2,-32.7,4.0,0.22,True,1,60.130455,24.515491
2026-06-12T11:18:24.875079+00:00,18.2,-32.7,4.0,0.22,True,1,60.130455,24.515491
2026-06-12T11:18:24.984085+00:00,18.2,-32.7,4.0,0.22,True,1,60.130455,24.515491
2026-06-12T11:18:25.064975+00:00,18.2,-32.7,4.0,0.22,True,1,60.130455,24.515491
2026-06-12T11:18:25.162700+00:00,18.2,-32.7,4.0,0.22,True,1,60.130455,24.515491
2026-06-12T11:18:25.326309+00:00,18.2,-32.7,4.1,0.23,True,1,60.130455,24.515491
2026-06-12T11:18:25.380129+00:00,18.1,-32.7,4.7,0.26,True,1,60.13045,24.515495
2026-06-12T11:18:25.464525+00:00,18.1,-32.7,4.7,0.26,True,1,60.13045,24.515495
2026-06-12T11:18:25.553497+00:00,18.1,-32.7,4.8,0.26,True,1,60.13045,24.515495
2026-06-12T11:18:25.657418+00:00,18.1,-32.7,4.7,0.26,True,1,60.13045,24.515495
2026-06-12T11:18:25.772354+00:00,18.1,-32.7,4.8,0.26,True,1,60.13045,24.515495
2026-06-12T11:18:25.859420+00:00,18.1,-32.7,4.8,0.27,True,1,60.13045,24.515495
2026-06-12T11:18:25.972362+00:00,18.1,-32.7,4.9,0.27,True,1,60.13045,24.515495
2026-06-12T11:18:26.052249+00:00,18.1,-32.7,4.8,0.27,True,1,60.13045,24.515495
2026-06-12T11:18:26.165355+00:00,18.1,-32.7,4.8,0.27,True,1,60.13045,24.515495
2026-06-12T11:18:26.258366+00:00,18.1,-32.7,4.9,0.27,True,1,60.13045,24.515495
2026-06-12T11:18:26.361847+00:00,18.1,-32.7,4.8,0.27,True,1,60.13045,24.515495
2026-06-12T11:18:26.460399+00:00,18.1,-32.7,4.9,0.27,True,1,60.13045,24.515495
2026-06-12T11:18:26.555643+00:00,18.1,-32.7,4.9,0.27,True,1,60.13045,24.515495
2026-06-12T11:18:26.696789+00:00,18.1,-32.7,4.9,0.27,True,1,60.13045,24.515495
2026-06-12T11:18:26.769749+00:00,18.1,-32.7,4.9,0.27,True,1,60.13045,24.515495
2026-06-12T11:18:26.865538+00:00,18.1,-32.7,4.9,0.27,True,1,60.13045,24.515495
2026-06-12T11:18:26.957671+00:00,18.1,-32.7,4.9,0.27,True,1,60.13045,24.515495
2026-06-12T11:18:27.072730+00:00,18.1,-32.7,5.0,0.28,True,1,60.13045,24.515495
2026-06-12T11:18:27.189604+00:00,18.1,-32.7,5.1,0.28,True,1,60.13045,24.515495
2026-06-12T11:18:27.296074+00:00,18.1,-32.7,5.0,0.28,True,1,60.13045,24.515495
2026-06-12T11:18:27.356408+00:00,18.1,-32.7,5.1,0.28,True,1,60.13045,24.515495
2026-06-12T11:18:27.501309+00:00,18.2,-28.7,5.8,0.32,True,1,60.130444,24.515505
2026-06-12T11:18:27.555210+00:00,18.2,-28.7,6.0,0.33,True,1,60.130444,24.515505
2026-06-12T11:18:27.674436+00:00,18.2,-28.7,6.0,0.33,True,1,60.130444,24.515505
2026-06-12T11:18:27.763040+00:00,18.2,-28.7,6.1,0.34,True,1,60.130444,24.515505
2026-06-12T11:18:27.882289+00:00,18.2,-28.7,6.1,0.34,True,1,60.130444,24.515505
2026-06-12T11:18:27.974285+00:00,18.2,-28.7,6.2,0.34,True,1,60.130444,24.515505
2026-06-12T11:18:28.061652+00:00,18.2,-28.7,6.2,0.34,True,1,60.130444,24.515505
2026-06-12T11:18:28.150840+00:00,18.2,-28.7,6.2,0.34,True,1,60.130444,24.515505
2026-06-12T11:18:28.257222+00:00,18.2,-28.7,6.4,0.35,True,1,60.130444,24.515505
2026-06-12T11:18:28.387816+00:00,18.2,-28.7,6.4,0.35,True,1,60.130444,24.515505
2026-06-12T11:18:28.451219+00:00,18.2,-28.7,6.4,0.35,True,1,60.130444,24.515505
2026-06-12T11:18:28.564187+00:00,18.2,-28.7,6.4,0.35,True,1,60.130444,24.515505
2026-06-12T11:18:28.658120+00:00,18.2,-28.7,6.5,0.36,True,1,60.130444,24.515505
2026-06-12T11:18:28.775075+00:00,18.2,-28.7,6.4,0.35,True,1,60.130444,24.515505
2026-06-12T11:18:28.873295+00:00,18.2,-28.7,6.5,0.36,True,1,60.130444,24.515505
2026-06-12T11:18:28.952691+00:00,18.2,-28.7,6.6,0.36,True,1,60.130444,24.515505
2026-06-12T11:18:29.055336+00:00,18.2,-28.7,6.6,0.36,True,1,60.130444,24.515505
2026-06-12T11:18:29.198875+00:00,18.2,-28.7,6.5,0.36,True,1,60.130444,24.515505
2026-06-12T11:18:29.262473+00:00,18.2,-28.7,6.5,0.36,True,1,60.130444,24.515505
2026-06-12T11:18:29.424115+00:00,18.2,-28.7,6.5,0.36,True,1,60.130444,24.515505
2026-06-12T11:18:29.461962+00:00,18.2,-28.7,6.5,0.36,True,1,60.130444,24.515505
2026-06-12T11:18:29.602601+00:00,18.6,2.0,6.5,0.35,True,1,60.130444,24.515505
2026-06-12T11:18:29.693108+00:00,18.6,2.0,6.4,0.34,True,1,60.130444,24.515505
2026-06-12T11:18:29.768903+00:00,18.6,2.0,6.7,0.36,True,1,60.130444,24.515505
2026-06-12T11:18:29.913443+00:00,18.6,2.0,6.4,0.34,True,1,60.130444,24.515505
2026-06-12T11:18:29.981359+00:00,18.6,2.0,6.7,0.36,True,1,60.130444,24.515505
2026-06-12T11:18:30.050421+00:00,18.6,2.0,6.4,0.35,True,1,60.130444,24.515505
2026-06-12T11:18:30.201516+00:00,18.6,2.0,6.9,0.37,True,1,60.130444,24.515505
2026-06-12T11:18:30.256083+00:00,18.6,2.0,6.6,0.35,True,1,60.130444,24.515505
2026-06-12T11:18:30.392568+00:00,18.6,2.0,6.9,0.37,True,1,60.130444,24.515505
2026-06-12T11:18:30.464596+00:00,18.6,2.0,6.0,0.32,True,1,60.130444,24.515505
2026-06-12T11:18:30.556183+00:00,18.6,2.0,6.3,0.34,True,1,60.130444,24.515505
2026-06-12T11:18:30.710838+00:00,18.6,2.0,6.0,0.32,True,1,60.130444,24.515505
2026-06-12T11:18:30.757690+00:00,18.6,2.0,5.8,0.31,True,1,60.130444,24.515505
2026-06-12T11:18:30.875589+00:00,18.6,2.0,6.0,0.32,True,1,60.130444,24.515505
2026-06-12T11:18:30.966319+00:00,18.6,2.0,6.2,0.33,True,1,60.130444,24.515505
2026-06-12T11:18:31.056452+00:00,18.6,2.0,7.5,0.4,True,1,60.130444,24.515505
2026-06-12T11:18:31.163392+00:00,18.6,2.0,6.2,0.33,True,1,60.130444,24.515505
2026-06-12T11:18:31.261991+00:00,18.6,2.0,8.2,0.44,True,1,60.130444,24.515505
2026-06-12T11:18:31.418363+00:00,18.6,2.0,6.8,0.37,True,1,60.130444,24.515505
2026-06-12T11:18:31.507015+00:00,18.6,2.0,7.9,0.43,True,1,60.130444,24.515505
2026-06-12T11:18:31.578680+00:00,18.6,2.0,7.5,0.4,True,1,60.130444,24.515505
2026-06-12T11:18:31.702121+00:00,18.7,1.2,7.1,0.38,True,1,60.13044,24.515507
2026-06-12T11:18:31.773098+00:00,18.7,1.2,7.1,0.38,True,1,60.13044,24.515507
2026-06-12T11:18:31.852045+00:00,18.7,1.2,6.9,0.37,True,1,60.13044,24.515507
2026-06-12T11:18:31.959555+00:00,18.7,1.2,7.1,0.38,True,1,60.13044,24.515507
2026-06-12T11:18:32.084998+00:00,18.7,1.2,6.9,0.37,True,1,60.13044,24.515507
2026-06-12T11:18:33.756612+00:00,18.7,1.2,7.8,0.42,True,1,60.13044,24.515507
2026-06-12T11:18:33.916145+00:00,18.7,-34.4,8.5,0.45,True,1,60.13044,24.515507
2026-06-12T11:18:33.964097+00:00,18.7,-34.4,6.6,0.35,True,1,60.13044,24.515507
2026-06-12T11:18:34.106386+00:00,18.7,-34.4,8.5,0.45,True,1,60.13044,24.515507
2026-06-12T11:18:34.190239+00:00,18.7,-34.4,6.6,0.35,True,1,60.13044,24.515507
2026-06-12T11:18:34.256789+00:00,18.7,-34.4,6.1,0.33,True,1,60.13044,24.515507
2026-06-12T11:18:34.359676+00:00,18.7,-34.4,7.2,0.38,True,1,60.13044,24.515507
2026-06-12T11:18:34.465536+00:00,18.7,-34.4,6.1,0.33,True,1,60.13044,24.515507
2026-06-12T11:18:34.594054+00:00,18.7,-34.4,5.9,0.32,True,1,60.13044,24.515507
2026-06-12T11:18:34.681722+00:00,18.7,-34.4,6.3,0.33,True,1,60.13044,24.515507
2026-06-12T11:18:34.783525+00:00,18.7,-34.4,5.9,0.32,True,1,60.13044,24.515507
2026-06-12T11:18:34.868980+00:00,18.7,-34.4,6.3,0.33,True,1,60.13044,24.515507
2026-06-12T11:18:34.953340+00:00,18.7,-34.4,6.7,0.36,True,1,60.13044,24.515507
2026-06-12T11:18:35.060284+00:00,18.7,-34.4,6.3,0.34,True,1,60.13044,24.515507
2026-06-12T11:18:35.209408+00:00,18.7,-34.4,6.4,0.34,True,1,60.13044,24.515507
2026-06-12T11:18:35.255877+00:00,18.7,-34.4,6.4,0.34,True,1,60.13044,24.515507
2026-06-12T11:18:35.402563+00:00,18.7,-34.4,6.4,0.34,True,1,60.13044,24.515507
2026-06-12T11:18:35.470813+00:00,18.7,-34.4,6.4,0.34,True,1,60.13044,24.515507
2026-06-12T11:18:35.613524+00:00,18.7,-34.4,6.4,0.34,True,1,60.13044,24.515507
2026-06-12T11:18:35.666564+00:00,18.7,-34.4,6.4,0.34,True,1,60.13044,24.515507
2026-06-12T11:18:35.797877+00:00,18.7,-34.4,6.4,0.34,True,1,60.13044,24.515507
2026-06-12T11:18:35.850541+00:00,18.7,-34.4,6.3,0.34,True,1,60.13044,24.515507
2026-06-12T11:18:35.964331+00:00,18.8,-32.8,6.4,0.34,True,1,60.13044,24.515507
2026-06-12T11:18:36.068103+00:00,18.8,-32.8,6.5,0.34,True,1,60.13044,24.515507
2026-06-12T11:18:36.167367+00:00,18.8,-32.8,6.4,0.34,True,1,60.13044,24.515507
2026-06-12T11:18:36.250946+00:00,18.8,-32.8,6.5,0.34,True,1,60.13044,24.515507
2026-06-12T11:18:36.360591+00:00,18.8,-32.8,6.5,0.34,True,1,60.13044,24.515507
2026-06-12T11:18:36.486647+00:00,18.8,-32.8,6.5,0.34,True,1,60.13044,24.515507
2026-06-12T11:18:36.572300+00:00,18.8,-32.8,6.5,0.34,True,1,60.13044,24.515507
2026-06-12T11:18:36.656265+00:00,18.8,-32.8,6.5,0.34,True,1,60.13044,24.515507
2026-06-12T11:18:36.760198+00:00,18.8,-32.8,6.4,0.34,True,1,60.13044,24.515507
2026-06-12T11:18:36.876228+00:00,18.8,-32.8,6.4,0.34,True,1,60.13044,24.515507
2026-06-12T11:18:36.994439+00:00,18.8,-32.8,6.4,0.34,True,1,60.13044,24.515507
2026-06-12T11:18:37.056588+00:00,18.8,-32.8,6.4,0.34,True,1,60.13044,24.515507
2026-06-12T11:18:37.150139+00:00,18.8,-32.8,6.4,0.34,True,1,60.13044,24.515507
2026-06-12T11:18:37.258336+00:00,18.8,-32.8,6.4,0.34,True,1,60.13044,24.515507
2026-06-12T11:18:37.377634+00:00,18.8,-32.8,6.4,0.34,True,1,60.13044,24.515507
2026-06-12T11:18:37.459054+00:00,18.8,-32.8,6.4,0.34,True,1,60.13044,24.515507
2026-06-12T11:18:37.599291+00:00,18.8,-32.8,6.4,0.34,True,1,60.13044,24.515507
2026-06-12T11:18:37.661458+00:00,18.8,-32.8,6.3,0.34,True,1,60.13044,24.515507
2026-06-12T11:18:37.770677+00:00,18.8,-32.8,6.4,0.34,True,1,60.13044,24.515507
2026-06-12T11:18:37.868743+00:00,18.8,-32.8,6.3,0.34,True,1,60.13044,24.515507
2026-06-12T11:18:37.981980+00:00,18.7,-32.8,6.4,0.34,True,1,60.13044,24.515507
2026-06-12T11:18:38.050191+00:00,18.7,-32.8,6.4,0.34,True,1,60.13044,24.515507
2026-06-12T11:18:38.174480+00:00,18.7,-32.8,6.4,0.34,True,1,60.13044,24.515507
2026-06-12T11:18:38.260271+00:00,18.7,-32.8,6.4,0.34,True,1,60.13044,24.515507
2026-06-12T11:18:38.364568+00:00,18.7,-32.8,6.4,0.34,True,1,60.13044,24.515507
2026-06-12T11:18:38.475297+00:00,18.7,-32.8,6.4,0.34,True,1,60.13044,24.515507
2026-06-12T11:18:38.566945+00:00,18.7,-32.8,6.4,0.34,True,1,60.13044,24.515507
2026-06-12T11:18:38.683383+00:00,18.7,-32.8,6.5,0.35,True,1,60.13044,24.515507
2026-06-12T11:18:38.796708+00:00,18.7,-32.8,6.5,0.35,True,1,60.13044,24.515507
2026-06-12T11:18:38.902577+00:00,18.7,-32.8,6.5,0.35,True,1,60.13044,24.515507
2026-06-12T11:18:38.988234+00:00,18.7,-32.8,6.5,0.35,True,1,60.13044,24.515507
2026-06-12T11:18:39.075477+00:00,18.7,-32.8,6.5,0.35,True,1,60.13044,24.515507
2026-06-12T11:18:39.160379+00:00,18.7,-32.8,6.5,0.35,True,1,60.13044,24.515507
2026-06-12T11:18:39.266283+00:00,18.7,-32.8,6.5,0.35,True,1,60.13044,24.515507
2026-06-12T11:18:39.381247+00:00,18.7,-32.8,6.5,0.34,True,1,60.13044,24.515507
2026-06-12T11:18:39.457153+00:00,18.7,-32.8,6.5,0.34,True,1,60.13044,24.515507
2026-06-12T11:18:39.614805+00:00,18.7,-32.8,6.5,0.34,True,1,60.13044,24.515507
2026-06-12T11:18:39.710266+00:00,18.7,-32.8,6.5,0.34,True,1,60.13044,24.515507
2026-06-12T11:18:39.767238+00:00,18.7,-32.8,6.4,0.34,True,1,60.13044,24.515507
2026-06-12T11:18:39.861673+00:00,18.7,-32.8,6.4,0.34,True,1,60.13044,24.515507
2026-06-12T11:18:39.971627+00:00,18.7,-32.8,6.4,0.34,True,1,60.13044,24.515507
2026-06-12T11:18:40.109668+00:00,18.7,-32.8,6.4,0.34,True,1,60.13044,24.515507
2026-06-12T11:18:40.154425+00:00,20.7,-32.8,8.8,0.43,True,1,60.13042,24.515526
2026-06-12T11:18:40.269036+00:00,20.7,-32.8,8.8,0.43,True,1,60.13042,24.515526
2026-06-12T11:18:40.378254+00:00,20.7,-32.8,9.0,0.43,True,1,60.13042,24.515526
2026-06-12T11:18:40.462352+00:00,20.7,-32.8,9.0,0.44,True,1,60.13042,24.515526
2026-06-12T11:18:40.586647+00:00,20.7,-32.8,8.9,0.43,True,1,60.13042,24.515526
2026-06-12T11:18:40.675566+00:00,20.7,-32.8,8.4,0.41,True,1,60.13042,24.515526
2026-06-12T11:18:40.765219+00:00,20.7,-32.8,8.2,0.4,True,1,60.13042,24.515526
2026-06-12T11:18:40.861086+00:00,20.7,-32.8,8.4,0.41,True,1,60.13042,24.515526
2026-06-12T11:18:40.956503+00:00,20.7,-32.8,8.2,0.39,True,1,60.13042,24.515526
2026-06-12T11:18:41.104594+00:00,20.7,-32.8,8.3,0.4,True,1,60.13042,24.515526
2026-06-12T11:18:41.175193+00:00,20.7,-32.8,8.2,0.39,True,1,60.13042,24.515526
2026-06-12T11:18:41.261791+00:00,20.7,-32.8,8.1,0.39,True,1,60.13042,24.515526
2026-06-12T11:18:41.377008+00:00,20.7,-32.8,8.3,0.4,True,1,60.13042,24.515526
2026-06-12T11:18:41.481894+00:00,20.7,-32.8,8.3,0.4,True,1,60.13042,24.515526
2026-06-12T11:18:41.552592+00:00,20.7,-32.8,8.4,0.4,True,1,60.13042,24.515526
2026-06-12T11:18:41.664008+00:00,20.7,-32.8,8.3,0.4,True,1,60.13042,24.515526
2026-06-12T11:18:41.760047+00:00,20.7,-32.8,8.4,0.4,True,1,60.13042,24.515526
2026-06-12T11:18:41.875946+00:00,20.7,-32.8,8.6,0.42,True,1,60.13042,24.515526
2026-06-12T11:18:42.010530+00:00,20.7,-32.8,8.5,0.41,True,1,60.13042,24.515526
2026-06-12T11:18:42.074795+00:00,20.7,-32.8,8.5,0.41,True,1,60.13042,24.515526
2026-06-12T11:18:42.212842+00:00,21.7,-32.8,13.2,0.61,True,1,60.130383,24.515558
2026-06-12T11:18:42.293894+00:00,21.7,-32.8,13.1,0.6,True,1,60.130383,24.515558
2026-06-12T11:18:42.361334+00:00,21.7,-32.8,13.0,0.6,True,1,60.130383,24.515558
2026-06-12T11:18:42.467304+00:00,21.7,-32.8,13.1,0.6,True,1,60.130383,24.515558
2026-06-12T11:18:42.555537+00:00,21.7,-32.8,13.0,0.6,True,1,60.130383,24.515558
2026-06-12T11:18:42.691385+00:00,21.7,-32.8,13.3,0.61,True,1,60.130383,24.515558
2026-06-12T11:18:42.776980+00:00,21.7,-32.8,13.0,0.6,True,1,60.130383,24.515558
2026-06-12T11:18:42.898628+00:00,21.7,-32.8,13.3,0.61,True,1,60.130383,24.515558
2026-06-12T11:18:42.971298+00:00,21.7,-32.8,13.0,0.6,True,1,60.130383,24.515558
2026-06-12T11:18:43.056008+00:00,21.7,-32.8,13.2,0.61,True,1,60.130383,24.515558
2026-06-12T11:18:43.167170+00:00,21.7,-32.8,13.0,0.6,True,1,60.130383,24.515558
2026-06-12T11:18:43.286506+00:00,21.7,-32.8,13.2,0.61,True,1,60.130383,24.515558
2026-06-12T11:18:43.388128+00:00,21.7,-32.8,12.9,0.6,True,1,60.130383,24.515558
2026-06-12T11:18:43.468476+00:00,21.7,-32.8,12.9,0.59,True,1,60.130383,24.515558
2026-06-12T11:18:43.596790+00:00,21.7,-32.8,12.9,0.59,True,1,60.130383,24.515558
2026-06-12T11:18:43.661113+00:00,21.7,-32.8,12.9,0.59,True,1,60.130383,24.515558
2026-06-12T11:18:43.789554+00:00,21.7,-32.8,12.9,0.59,True,1,60.130383,24.515558
2026-06-12T11:18:43.873104+00:00,21.7,-32.8,12.9,0.59,True,1,60.130383,24.515558
2026-06-12T11:18:43.967282+00:00,21.7,-32.8,13.0,0.6,True,1,60.130383,24.515558
2026-06-12T11:18:44.133008+00:00,21.7,-32.8,13.0,0.6,True,1,60.130383,24.515558
2026-06-12T11:18:44.214091+00:00,21.7,-32.8,12.9,0.6,True,1,60.130383,24.515558
2026-06-12T11:18:44.285426+00:00,21.7,-32.8,13.0,0.6,True,1,60.130383,24.515558
2026-06-12T11:18:44.351669+00:00,21.7,-32.8,12.9,0.6,True,1,60.130383,24.515558
2026-06-12T11:18:44.512565+00:00,21.7,-31.4,14.1,0.65,True,1,60.130375,24.515566
2026-06-12T11:18:44.603819+00:00,21.7,-31.4,14.5,0.67,True,1,60.130375,24.515566
2026-06-12T11:18:44.681226+00:00,21.7,-31.4,14.8,0.68,True,1,60.130375,24.515566
2026-06-12T11:18:44.759619+00:00,21.7,-31.4,14.8,0.68,True,1,60.130375,24.515566
2026-06-12T11:18:44.874713+00:00,21.7,-31.4,14.8,0.68,True,1,60.130375,24.515566
2026-06-12T11:18:44.976859+00:00,21.7,-31.4,14.8,0.68,True,1,60.130375,24.515566
2026-06-12T11:18:45.077502+00:00,21.7,-31.4,15.1,0.69,True,1,60.130375,24.515566
2026-06-12T11:18:45.176805+00:00,21.7,-31.4,14.6,0.67,True,1,60.130375,24.515566
2026-06-12T11:18:45.267377+00:00,21.7,-31.4,14.6,0.67,True,1,60.130375,24.515566
2026-06-12T11:18:45.383363+00:00,21.7,-31.4,14.6,0.67,True,1,60.130375,24.515566
2026-06-12T11:18:45.478049+00:00,21.7,-31.4,14.6,0.67,True,1,60.130375,24.515566
2026-06-12T11:18:45.576509+00:00,21.7,-31.4,14.5,0.67,True,1,60.130375,24.515566
2026-06-12T11:18:45.668795+00:00,21.7,-31.4,14.5,0.67,True,1,60.130375,24.515566
2026-06-12T11:18:45.750441+00:00,21.7,-31.4,14.5,0.67,True,1,60.130375,24.515566
2026-06-12T11:18:45.857791+00:00,21.7,-31.4,14.5,0.67,True,1,60.130375,24.515566
2026-06-12T11:18:45.958672+00:00,21.7,-31.4,14.5,0.67,True,1,60.130375,24.515566
2026-06-12T11:18:46.054580+00:00,21.7,-31.4,14.5,0.67,True,1,60.130375,24.515566
2026-06-12T11:18:46.162510+00:00,21.7,-31.4,14.5,0.67,True,1,60.130375,24.515566
2026-06-12T11:18:46.259254+00:00,21.7,-31.4,14.5,0.67,True,1,60.130375,24.515566
2026-06-12T11:18:46.359158+00:00,21.7,-31.4,14.5,0.67,True,1,60.130375,24.515566
2026-06-12T11:18:46.522025+00:00,21.7,-31.4,14.5,0.67,True,1,60.130375,24.515566
2026-06-12T11:18:46.602002+00:00,21.7,-31.4,14.5,0.67,True,1,60.130375,24.515566
2026-06-12T11:18:46.693717+00:00,21.7,-31.4,14.5,0.67,True,1,60.130375,24.515566
2026-06-12T11:18:46.769944+00:00,21.7,-31.4,14.5,0.67,True,1,60.130375,24.515566
2026-06-12T11:18:46.867552+00:00,21.7,-31.4,14.5,0.67,True,1,60.130375,24.515566
2026-06-12T11:18:46.952990+00:00,21.7,-31.4,14.5,0.67,True,1,60.130375,24.515566
2026-06-12T11:18:47.081050+00:00,21.7,-31.4,14.5,0.67,True,1,60.130375,24.515566
2026-06-12T11:18:47.158203+00:00,21.7,-31.4,14.5,0.67,True,1,60.130375,24.515566
2026-06-12T11:18:47.268585+00:00,21.7,-31.4,14.5,0.67,True,1,60.130375,24.515566
2026-06-12T11:18:47.355198+00:00,21.7,-31.3,14.5,0.67,True,1,60.130375,24.515566
2026-06-12T11:18:47.454760+00:00,21.7,-31.3,14.5,0.67,True,1,60.130375,24.515566
2026-06-12T11:18:47.595140+00:00,21.7,-31.3,14.5,0.67,True,1,60.130375,24.515566
2026-06-12T11:18:47.667649+00:00,21.7,-31.3,14.5,0.67,True,1,60.130375,24.515566
2026-06-12T11:18:47.758883+00:00,21.7,-31.3,14.5,0.67,True,1,60.130375,24.515566
2026-06-12T11:18:47.864285+00:00,21.7,-31.3,14.5,0.67,True,1,60.130375,24.515566
2026-06-12T11:18:47.997827+00:00,21.7,-31.3,14.5,0.67,True,1,60.130375,24.515566
2026-06-12T11:18:48.076216+00:00,21.7,-31.3,14.5,0.67,True,1,60.130375,24.515566
2026-06-12T11:18:48.195523+00:00,21.7,-31.3,14.5,0.67,True,1,60.130375,24.515566
2026-06-12T11:18:48.264412+00:00,21.7,-31.3,14.5,0.67,True,1,60.130375,24.515566
2026-06-12T11:18:48.360245+00:00,21.7,-31.3,14.5,0.67,True,1,60.130375,24.515566
2026-06-12T11:18:48.451675+00:00,21.7,-31.3,14.5,0.67,True,1,60.130375,24.515566
2026-06-12T11:18:48.564925+00:00,21.7,-31.3,14.5,0.67,True,1,60.130375,24.515566
2026-06-12T11:18:48.653866+00:00,21.7,-31.3,14.5,0.67,True,1,60.130375,24.515566
2026-06-12T11:18:48.791740+00:00,21.7,-31.3,14.5,0.67,True,1,60.130375,24.515566
2026-06-12T11:18:48.878105+00:00,21.7,-31.3,14.5,0.67,True,1,60.130375,24.515566
2026-06-12T11:18:48.995234+00:00,21.7,-31.3,14.5,0.67,True,1,60.130375,24.515566
2026-06-12T11:18:49.099868+00:00,21.7,-31.3,14.5,0.67,True,1,60.130375,24.515566
2026-06-12T11:18:49.169822+00:00,21.7,-31.3,14.5,0.67,True,1,60.130375,24.515566
2026-06-12T11:18:49.316956+00:00,21.7,-31.3,14.5,0.67,True,1,60.130375,24.515566
2026-06-12T11:18:49.382190+00:00,21.7,-31.3,14.5,0.67,True,1,60.130375,24.515566
2026-06-12T11:18:49.479234+00:00,21.9,-31.4,14.5,0.66,True,1,60.130375,24.515566
2026-06-12T11:18:49.563207+00:00,21.9,-31.4,14.5,0.66,True,1,60.130375,24.515566
2026-06-12T11:18:49.661487+00:00,21.9,-31.4,14.5,0.66,True,1,60.130375,24.515566
2026-06-12T11:18:49.788296+00:00,21.9,-31.4,14.5,0.66,True,1,60.130375,24.515566
2026-06-12T11:18:50.610891+00:00,21.9,-31.4,14.5,0.66,True,1,60.130375,24.515566
2026-06-12T11:18:50.654443+00:00,21.9,-31.4,14.5,0.66,True,1,60.130375,24.515566
2026-06-12T11:18:50.760054+00:00,21.9,-31.4,14.4,0.66,True,1,60.130375,24.515566
2026-06-12T11:18:50.884369+00:00,21.9,-31.4,14.4,0.66,True,1,60.130375,24.515566
2026-06-12T11:18:50.973988+00:00,21.9,-31.4,14.4,0.66,True,1,60.130375,24.515566
2026-06-12T11:18:51.073618+00:00,21.9,-31.4,14.5,0.66,True,1,60.130375,24.515566
2026-06-12T11:18:51.218816+00:00,21.9,-31.4,14.5,0.66,True,1,60.130375,24.515566
2026-06-12T11:18:51.287971+00:00,21.9,-31.4,14.6,0.67,True,1,60.130375,24.515566
2026-06-12T11:18:51.416618+00:00,21.9,-31.4,14.5,0.66,True,1,60.130375,24.515566
2026-06-12T11:18:51.462343+00:00,21.9,-31.4,14.6,0.67,True,1,60.130375,24.515566
2026-06-12T11:18:51.607609+00:00,24.4,-31.3,15.2,0.62,True,1,60.130367,24.515575
2026-06-12T11:18:51.730946+00:00,24.4,-31.3,15.7,0.64,True,1,60.130367,24.515575
2026-06-12T11:18:51.751327+00:00,24.4,-31.3,15.5,0.64,True,1,60.130367,24.515575
2026-06-12T11:18:51.908605+00:00,24.4,-31.3,15.7,0.64,True,1,60.130367,24.515575
2026-06-12T11:18:52.002828+00:00,24.4,-31.3,15.1,0.62,True,1,60.130367,24.515575
2026-06-12T11:18:52.105092+00:00,24.4,-31.3,14.5,0.6,True,1,60.130367,24.515575
2026-06-12T11:18:52.206735+00:00,24.4,-31.3,15.2,0.62,True,1,60.130367,24.515575
2026-06-12T11:18:52.304662+00:00,24.4,-31.3,14.5,0.6,True,1,60.130367,24.515575
2026-06-12T11:18:52.375554+00:00,24.4,-31.3,15.1,0.62,True,1,60.130367,24.515575
2026-06-12T11:18:52.492335+00:00,24.4,-31.3,14.8,0.61,True,1,60.130367,24.515575
2026-06-12T11:18:52.561589+00:00,24.4,-31.3,15.0,0.62,True,1,60.130367,24.515575
2026-06-12T11:18:52.667011+00:00,24.4,-31.3,15.0,0.62,True,1,60.130367,24.515575
2026-06-12T11:18:52.751045+00:00,24.4,-31.3,15.0,0.62,True,1,60.130367,24.515575
2026-06-12T11:18:52.853015+00:00,24.4,-31.3,15.0,0.61,True,1,60.130367,24.515575
2026-06-12T11:18:52.987484+00:00,24.4,-31.3,14.9,0.61,True,1,60.130367,24.515575
2026-06-12T11:18:53.072031+00:00,24.4,-31.3,15.0,0.61,True,1,60.130367,24.515575
2026-06-12T11:18:53.172112+00:00,24.4,-31.3,14.9,0.61,True,1,60.130367,24.515575
2026-06-12T11:18:53.283625+00:00,24.4,-31.3,14.9,0.61,True,1,60.130367,24.515575
2026-06-12T11:18:53.384964+00:00,24.4,-31.3,14.8,0.61,True,1,60.130367,24.515575
2026-06-12T11:18:53.459074+00:00,24.4,-31.3,14.9,0.61,True,1,60.130367,24.515575
2026-06-12T11:18:53.552274+00:00,24.4,-31.3,14.8,0.61,True,1,60.130367,24.515575
2026-06-12T11:18:53.665688+00:00,24.4,-31.3,14.8,0.61,True,1,60.130367,24.515575
2026-06-12T11:18:53.770944+00:00,25.8,-31.4,19.2,0.75,True,1,60.130333,24.515604
2026-06-12T11:18:53.856770+00:00,25.8,-31.4,18.9,0.73,True,1,60.130333,24.515604
2026-06-12T11:18:53.963786+00:00,25.8,-31.4,19.3,0.75,True,1,60.130333,24.515604
2026-06-12T11:18:54.081677+00:00,25.8,-31.4,19.1,0.74,True,1,60.130333,24.515604
2026-06-12T11:18:54.170159+00:00,25.8,-31.4,19.3,0.75,True,1,60.130333,24.515604
2026-06-12T11:18:54.258878+00:00,25.8,-31.4,19.1,0.74,True,1,60.130333,24.515604
2026-06-12T11:18:54.372492+00:00,25.8,-31.4,19.3,0.75,True,1,60.130333,24.515604
2026-06-12T11:18:54.480455+00:00,25.8,-31.4,19.0,0.74,True,1,60.130333,24.515604
2026-06-12T11:18:54.562743+00:00,25.8,-31.4,19.2,0.74,True,1,60.130333,24.515604
2026-06-12T11:18:54.669386+00:00,25.8,-31.4,19.0,0.74,True,1,60.130333,24.515604
2026-06-12T11:18:54.765560+00:00,25.8,-31.4,19.2,0.74,True,1,60.130333,24.515604
2026-06-12T11:18:54.858526+00:00,25.8,-31.4,19.2,0.74,True,1,60.130333,24.515604
2026-06-12T11:18:55.002861+00:00,25.8,-31.4,19.0,0.74,True,1,60.130333,24.515604
2026-06-12T11:18:55.075771+00:00,25.8,-31.4,19.3,0.75,True,1,60.130333,24.515604
2026-06-12T11:18:55.155465+00:00,25.8,-31.4,19.1,0.74,True,1,60.130333,24.515604
2026-06-12T11:18:55.270667+00:00,25.8,-31.4,19.3,0.75,True,1,60.130333,24.515604
2026-06-12T11:18:55.370568+00:00,25.8,-31.4,19.1,0.74,True,1,60.130333,24.515604
2026-06-12T11:18:55.532827+00:00,25.8,-31.4,19.1,0.74,True,1,60.130333,24.515604
2026-06-12T11:18:55.653948+00:00,25.8,-31.4,19.1,0.74,True,1,60.130333,24.515604
2026-06-12T11:18:55.809419+00:00,25.8,-31.4,19.1,0.74,True,1,60.130333,24.515604
2026-06-12T11:18:55.890653+00:00,25.8,-31.4,19.3,0.75,True,1,60.130333,24.515604
2026-06-12T11:18:56.010599+00:00,25.8,-31.4,19.3,0.75,True,1,60.130333,24.515604
2026-06-12T11:18:56.112979+00:00,25.8,-31.3,19.7,0.76,True,1,60.13033,24.515608
2026-06-12T11:18:56.200153+00:00,25.8,-31.3,19.6,0.76,True,1,60.13033,24.515608
2026-06-12T11:18:56.265109+00:00,25.8,-31.3,19.7,0.76,True,1,60.13033,24.515608
2026-06-12T11:18:56.391215+00:00,25.8,-31.3,19.6,0.76,True,1,60.13033,24.515608
2026-06-12T11:18:56.472594+00:00,25.8,-31.3,19.6,0.76,True,1,60.13033,24.515608
2026-06-12T11:18:56.557646+00:00,25.8,-31.3,19.7,0.76,True,1,60.13033,24.515608
2026-06-12T11:18:56.658766+00:00,25.8,-31.3,19.7,0.76,True,1,60.13033,24.515608
2026-06-12T11:18:56.807265+00:00,25.8,-31.3,19.7,0.76,True,1,60.13033,24.515608
2026-06-12T11:18:56.892587+00:00,25.8,-31.3,19.7,0.76,True,1,60.13033,24.515608
2026-06-12T11:18:56.975803+00:00,25.8,-31.3,19.7,0.76,True,1,60.13033,24.515608
2026-06-12T11:18:57.059901+00:00,25.8,-31.3,19.6,0.76,True,1,60.13033,24.515608
2026-06-12T11:18:57.167633+00:00,25.8,-31.3,19.7,0.76,True,1,60.13033,24.515608
2026-06-12T11:18:57.277490+00:00,25.8,-31.3,19.7,0.76,True,1,60.13033,24.515608
2026-06-12T11:18:57.389977+00:00,25.8,-31.3,19.7,0.76,True,1,60.13033,24.515608
2026-06-12T11:18:57.478446+00:00,25.8,-31.3,19.6,0.76,True,1,60.13033,24.515608
2026-06-12T11:18:57.557873+00:00,25.8,-31.3,19.6,0.76,True,1,60.13033,24.515608
2026-06-12T11:18:57.665851+00:00,25.8,-31.3,19.6,0.76,True,1,60.13033,24.515608
2026-06-12T11:18:57.800571+00:00,25.8,-31.3,19.6,0.76,True,1,60.13033,24.515608
2026-06-12T11:18:57.882387+00:00,25.8,-31.3,19.6,0.76,True,1,60.13033,24.515608
2026-06-12T11:18:57.970554+00:00,25.8,-31.3,19.7,0.76,True,1,60.13033,24.515608
2026-06-12T11:18:58.133381+00:00,26.0,-31.4,19.6,0.75,True,1,60.13033,24.515608
2026-06-12T11:18:58.151350+00:00,26.0,-31.4,19.6,0.75,True,1,60.13033,24.515608
2026-06-12T11:18:58.252626+00:00,26.0,-31.4,19.7,0.76,True,1,60.13033,24.515608
2026-06-12T11:18:58.356352+00:00,26.0,-31.4,19.6,0.75,True,1,60.13033,24.515608
2026-06-12T11:18:58.476779+00:00,26.0,-31.4,19.7,0.76,True,1,60.13033,24.515608
2026-06-12T11:18:58.553684+00:00,26.0,-31.4,19.6,0.75,True,1,60.13033,24.515608
2026-06-12T11:18:58.679852+00:00,26.0,-31.4,19.7,0.76,True,1,60.13033,24.515608
2026-06-12T11:18:58.810575+00:00,26.0,-31.4,19.7,0.76,True,1,60.13033,24.515608
2026-06-12T11:18:58.854812+00:00,26.0,-31.4,19.7,0.76,True,1,60.13033,24.515608
2026-06-12T11:18:58.966450+00:00,26.0,-31.4,19.6,0.75,True,1,60.13033,24.515608
2026-06-12T11:18:59.054582+00:00,26.0,-31.4,19.7,0.76,True,1,60.13033,24.515608
2026-06-12T11:18:59.169056+00:00,26.0,-31.4,19.7,0.76,True,1,60.13033,24.515608
2026-06-12T11:18:59.268240+00:00,26.0,-31.4,19.7,0.76,True,1,60.13033,24.515608
2026-06-12T11:18:59.364257+00:00,26.0,-31.4,19.7,0.76,True,1,60.13033,24.515608
2026-06-12T11:18:59.464108+00:00,26.0,-31.4,19.7,0.76,True,1,60.13033,24.515608
2026-06-12T11:18:59.550862+00:00,26.0,-31.4,19.7,0.76,True,1,60.13033,24.515608
2026-06-12T11:18:59.684473+00:00,26.0,-31.4,19.7,0.76,True,1,60.13033,24.515608
2026-06-12T11:18:59.774508+00:00,26.0,-31.4,19.6,0.75,True,1,60.13033,24.515608
2026-06-12T11:18:59.887813+00:00,26.0,-31.4,19.7,0.76,True,1,60.13033,24.515608
2026-06-12T11:18:59.979225+00:00,26.0,-31.4,19.6,0.75,True,1,60.13033,24.515608
2026-06-12T11:19:00.069659+00:00,26.0,-31.4,19.7,0.76,True,1,60.13033,24.515608
2026-06-12T11:19:00.155566+00:00,26.0,-31.4,19.3,0.74,True,1,60.13033,24.515608
2026-06-12T11:19:00.262514+00:00,35.3,-31.3,19.0,0.54,True,1,60.13033,24.515606
2026-06-12T11:19:00.372447+00:00,35.3,-31.3,19.4,0.55,True,2,60.13033,24.515606
2026-06-12T11:19:00.469944+00:00,35.3,-31.3,19.0,0.54,True,1,60.13033,24.515606
2026-06-12T11:19:00.574552+00:00,35.3,-31.3,19.4,0.55,True,2,60.13033,24.515606
2026-06-12T11:19:00.673987+00:00,35.3,-31.3,18.9,0.54,True,3,60.13033,24.515606
2026-06-12T11:19:00.758563+00:00,35.3,-31.3,19.5,0.55,True,3,60.13033,24.515606
2026-06-12T11:19:00.891159+00:00,35.3,-31.3,18.5,0.52,True,5,60.13033,24.515606
2026-06-12T11:19:00.955050+00:00,35.3,-31.3,19.6,0.56,True,5,60.13033,24.515606
2026-06-12T11:19:01.104937+00:00,35.3,-31.3,18.5,0.52,True,5,60.13033,24.515606
2026-06-12T11:19:01.172566+00:00,35.3,-31.3,19.4,0.55,True,6,60.13033,24.515606
2026-06-12T11:19:01.260597+00:00,35.3,-31.3,18.7,0.53,True,5,60.13033,24.515606
2026-06-12T11:19:01.353772+00:00,35.3,-31.3,19.4,0.55,True,6,60.13033,24.515606
2026-06-12T11:19:01.484382+00:00,35.3,-31.3,18.4,0.52,True,4,60.13033,24.515606
2026-06-12T11:19:01.557956+00:00,35.3,-31.3,19.3,0.55,True,7,60.13033,24.515606
2026-06-12T11:19:01.660295+00:00,35.3,-31.3,18.9,0.53,True,6,60.13033,24.515606
2026-06-12T11:19:01.779412+00:00,35.3,-31.3,19.3,0.55,True,7,60.13033,24.515606
2026-06-12T11:19:01.871571+00:00,35.3,-31.3,18.9,0.53,True,6,60.13033,24.515606
2026-06-12T11:19:01.953653+00:00,35.3,-31.3,19.4,0.55,True,6,60.13033,24.515606
2026-06-12T11:19:02.140019+00:00,35.3,-31.3,19.6,0.55,True,6,60.13033,24.515606
2026-06-12T11:19:02.198382+00:00,35.3,-31.3,18.6,0.53,True,7,60.13033,24.515606
2026-06-12T11:19:02.327817+00:00,46.8,-90.0,17.2,0.37,True,10,60.13033,24.515606
2026-06-12T11:19:02.383936+00:00,46.8,-90.0,18.6,0.4,True,7,60.13033,24.515606
2026-06-12T11:19:02.471551+00:00,46.8,-90.0,17.2,0.37,True,10,60.13033,24.515606
2026-06-12T11:19:02.558701+00:00,46.8,-90.0,18.7,0.4,True,9,60.13033,24.515606
2026-06-12T11:19:02.665051+00:00,46.8,-90.0,11.5,0.25,True,7,60.13033,24.515606
2026-06-12T11:19:02.797955+00:00,46.8,-90.0,11.6,0.25,True,6,60.13033,24.515606
2026-06-12T11:19:02.892216+00:00,46.8,-90.0,11.6,0.25,True,7,60.13033,24.515606
2026-06-12T11:19:02.993440+00:00,46.8,-90.0,11.6,0.25,True,6,60.13033,24.515606
2026-06-12T11:19:03.077480+00:00,46.8,-90.0,11.6,0.25,True,7,60.13033,24.515606
2026-06-12T11:19:03.158787+00:00,46.8,-90.0,9.4,0.2,True,2,60.13033,24.515606
2026-06-12T11:19:03.253883+00:00,46.8,-90.0,9.0,0.19,True,3,60.13033,24.515606
2026-06-12T11:19:03.421293+00:00,46.8,-90.0,9.1,0.19,True,2,60.13033,24.515606
2026-06-12T11:19:07.469957+00:00,74.3,-90.0,18.9,0.25,True,1,60.13033,24.515608
2026-06-12T11:19:08.180996+00:00,74.3,-90.0,18.3,0.25,True,1,60.13033,24.515608
2026-06-12T11:19:08.259085+00:00,74.3,-90.0,20.6,0.28,True,1,60.13033,24.515608
2026-06-12T11:19:08.378606+00:00,74.3,-90.0,18.3,0.25,True,1,60.13033,24.515608
2026-06-12T11:19:08.471982+00:00,74.3,-90.0,20.6,0.28,True,1,60.13033,24.515608
2026-06-12T11:19:08.824007+00:00,74.3,-90.0,18.5,0.25,True,1,60.13033,24.515608
2026-06-12T11:19:09.007532+00:00,74.3,-90.0,18.5,0.25,True,1,60.13033,24.515608
2026-06-12T11:19:13.801393+00:00,80.4,-90.0,34.4,0.43,True,1,60.130272,24.51545
2026-06-12T11:19:13.952468+00:00,80.4,-90.0,34.4,0.43,True,1,60.130272,24.51545
2026-06-12T11:19:14.089020+00:00,80.4,-90.0,34.4,0.43,True,1,60.130272,24.51545
2026-06-12T11:19:14.309416+00:00,80.4,-90.0,34.4,0.43,True,1,60.130272,24.51545
2026-06-12T11:19:14.393439+00:00,80.4,-90.0,35.0,0.44,True,1,60.130272,24.51545
2026-06-12T11:19:14.481581+00:00,80.4,-90.0,34.8,0.43,True,1,60.130272,24.51545
2026-06-12T11:19:14.573272+00:00,80.4,-90.0,34.8,0.43,True,1,60.130272,24.51545
2026-06-12T11:19:22.570645+00:00,80.4,-90.0,21.3,0.26,True,1,60.13013,24.515059
2026-06-12T11:19:22.654742+00:00,80.4,-90.0,21.4,0.27,True,1,60.13013,24.515059
2026-06-12T11:19:22.775122+00:00,80.4,-90.0,21.3,0.26,True,1,60.13013,24.515059
2026-06-12T11:19:22.862434+00:00,80.4,-90.0,21.4,0.27,True,1,60.13013,24.515059
2026-06-12T11:19:54.475985+00:00,105.6,-84.8,56.8,0.54,True,1,60.129894,24.51441
2026-06-12T11:19:54.699071+00:00,105.6,-84.8,56.8,0.54,True,1,60.129894,24.51441
2026-06-12T11:19:55.318278+00:00,105.6,-84.8,56.5,0.54,True,1,60.129894,24.51441
2026-06-12T11:19:55.661097+00:00,117.4,-84.8,56.9,0.48,True,1,60.129894,24.51441
2026-06-12T11:19:55.859421+00:00,117.4,-84.8,56.9,0.48,True,1,60.129894,24.51441
2026-06-12T11:19:56.352845+00:00,117.4,-84.8,56.2,0.48,True,1,60.129894,24.51441
2026-06-12T11:19:56.488439+00:00,117.4,-84.8,55.9,0.48,True,1,60.129894,24.51441
2026-06-12T11:19:56.561671+00:00,117.4,-84.8,55.7,0.47,True,1,60.129894,24.51441
2026-06-12T11:19:56.686046+00:00,117.4,-84.8,55.9,0.48,True,1,60.129894,24.51441
2026-06-12T11:19:56.785277+00:00,117.4,-84.8,55.7,0.47,True,1,60.129894,24.51441
2026-06-12T11:19:56.854172+00:00,117.4,-84.8,57.2,0.49,True,1,60.129894,24.51441
2026-06-12T11:19:57.988631+00:00,127.5,-84.8,55.9,0.44,True,1,60.129894,24.51441
2026-06-12T11:19:58.105733+00:00,127.5,-84.8,55.9,0.44,True,1,60.129894,24.51441
2026-06-12T11:19:58.194928+00:00,127.5,-84.8,55.6,0.44,True,1,60.129894,24.51441
2026-06-12T11:19:58.283596+00:00,127.5,-84.8,55.5,0.44,True,1,60.129894,24.51441
2026-06-12T11:19:58.355736+00:00,127.5,-84.8,55.9,0.44,True,1,60.129894,24.51441
2026-06-12T11:19:58.483145+00:00,127.5,-84.8,55.9,0.44,True,1,60.129894,24.51441
2026-06-12T11:19:58.958823+00:00,127.5,-84.8,55.3,0.43,True,1,60.129894,24.51441
2026-06-12T11:19:59.979910+00:00,132.6,-84.8,67.1,0.51,True,1,60.129898,24.514425
2026-06-12T11:20:00.055096+00:00,132.6,-84.8,67.0,0.51,True,1,60.129898,24.514425
2026-06-12T11:20:00.175592+00:00,132.6,-84.8,46.9,0.35,True,1,60.129898,24.514425
2026-06-12T11:20:00.251639+00:00,132.6,-84.8,54.2,0.41,True,1,60.129898,24.514425
2026-06-12T11:20:00.351202+00:00,132.6,-84.8,54.2,0.41,True,1,60.129898,24.514425
2026-06-12T11:20:00.471274+00:00,132.6,-84.8,54.2,0.41,True,1,60.129898,24.514425
2026-06-12T11:20:00.562664+00:00,132.6,-84.8,54.2,0.41,True,1,60.129898,24.514425
2026-06-12T11:20:00.691185+00:00,132.6,-84.8,54.3,0.41,True,1,60.129898,24.514425
2026-06-12T11:20:00.912394+00:00,132.6,-84.8,54.4,0.41,True,1,60.129898,24.514425
2026-06-12T11:20:01.362532+00:00,132.6,-84.8,54.5,0.41,True,1,60.129898,24.514425
2026-06-12T11:20:01.459178+00:00,132.6,-84.8,47.1,0.35,True,1,60.129898,24.514425
2026-06-12T11:20:01.986750+00:00,132.6,-84.8,52.5,0.4,True,1,60.12991,24.514462
2026-06-12T11:20:02.191998+00:00,132.6,-84.8,52.5,0.4,True,1,60.12991,24.514462
2026-06-12T11:20:02.609925+00:00,132.6,-84.8,52.6,0.4,True,1,60.12991,24.514462
2026-06-12T11:20:02.706839+00:00,132.6,-84.8,52.7,0.4,True,1,60.12991,24.514462
2026-06-12T11:20:02.887884+00:00,132.6,-84.8,52.6,0.4,True,1,60.12991,24.514462
2026-06-12T11:20:03.058124+00:00,132.6,-84.8,52.5,0.4,True,1,60.12991,24.514462
2026-06-12T11:20:03.159595+00:00,132.6,-84.8,44.8,0.34,True,1,60.12991,24.514462
2026-06-12T11:20:03.388668+00:00,132.6,-84.8,52.5,0.4,True,1,60.12991,24.514462
2026-06-12T11:20:03.588436+00:00,132.6,-84.8,52.5,0.4,True,1,60.12991,24.514462
2026-06-12T11:20:03.664393+00:00,132.6,-84.8,44.8,0.34,True,1,60.12991,24.514462
2026-06-12T11:20:03.773146+00:00,132.6,-84.8,44.8,0.34,True,2,60.12991,24.514462
2026-06-12T11:20:03.855976+00:00,132.6,-84.8,44.8,0.34,True,1,60.12991,24.514462
2026-06-12T11:20:04.128262+00:00,132.6,-84.8,44.8,0.34,True,1,60.12991,24.51446
2026-06-12T11:20:04.200569+00:00,132.6,-84.8,52.6,0.4,True,1,60.12991,24.51446
2026-06-12T11:20:04.313848+00:00,132.6,-84.8,44.8,0.34,True,1,60.12991,24.51446
2026-06-12T11:20:04.355334+00:00,132.6,-84.8,44.8,0.34,True,2,60.12991,24.51446
2026-06-12T11:20:04.468931+00:00,132.6,-84.8,52.6,0.4,True,1,60.12991,24.51446
2026-06-12T11:20:04.556481+00:00,132.6,-84.8,44.8,0.34,True,2,60.12991,24.51446
2026-06-12T11:20:04.659549+00:00,132.6,-84.8,52.6,0.4,True,1,60.12991,24.51446
2026-06-12T11:20:04.767685+00:00,132.6,-84.8,44.8,0.34,True,1,60.12991,24.51446
2026-06-12T11:20:04.888948+00:00,132.6,-84.8,52.5,0.4,True,1,60.12991,24.51446
2026-06-12T11:20:05.101206+00:00,132.6,-84.8,52.5,0.4,True,1,60.12991,24.51446
2026-06-12T11:20:05.370985+00:00,132.6,-84.8,52.5,0.4,True,1,60.12991,24.51446
2026-06-12T11:20:05.470885+00:00,132.6,-84.8,52.5,0.4,True,1,60.12991,24.51446
2026-06-12T11:20:05.729623+00:00,132.6,-84.8,44.9,0.34,True,1,60.12991,24.51446
2026-06-12T11:20:05.811220+00:00,132.6,-84.8,52.5,0.4,True,1,60.12991,24.51446
2026-06-12T11:20:05.906994+00:00,132.6,-84.8,52.5,0.4,True,1,60.12991,24.51446
2026-06-12T11:20:06.019510+00:00,132.6,-84.8,44.9,0.34,True,1,60.12991,24.51446
2026-06-12T11:20:06.113492+00:00,132.6,-84.8,44.9,0.34,True,1,60.12991,24.51446
2026-06-12T11:20:06.251567+00:00,132.7,-84.8,44.8,0.34,True,1,60.12991,24.514462
2026-06-12T11:20:06.661419+00:00,132.7,-84.8,44.8,0.34,True,1,60.12991,24.514462
2026-06-12T11:20:06.981846+00:00,132.7,-84.8,44.8,0.34,True,1,60.12991,24.514462
2026-06-12T11:20:07.183334+00:00,132.7,-84.8,44.8,0.34,True,1,60.12991,24.514462
2026-06-12T11:20:07.590488+00:00,132.7,-84.8,44.8,0.34,True,1,60.12991,24.514462
2026-06-12T11:20:07.787797+00:00,132.7,-84.8,44.9,0.34,True,1,60.12991,24.514462
2026-06-12T11:20:07.987168+00:00,132.7,-84.8,44.9,0.34,True,1,60.12991,24.514462
2026-06-12T11:20:08.277806+00:00,133.0,-84.8,43.9,0.33,True,1,60.129936,24.514421
2026-06-12T11:20:08.370571+00:00,133.0,-84.8,29.9,0.22,True,2,60.129936,24.514421
2026-06-12T11:20:08.568150+00:00,133.0,-84.8,29.9,0.22,True,2,60.129936,24.514421
2026-06-12T11:20:08.654582+00:00,133.0,-84.8,43.9,0.33,True,1,60.129936,24.514421
2026-06-12T11:20:08.763132+00:00,133.0,-84.8,29.9,0.22,True,1,60.129936,24.514421
2026-06-12T11:20:09.003471+00:00,133.0,-84.8,50.7,0.38,True,1,60.129936,24.514421
2026-06-12T11:20:09.098793+00:00,133.0,-84.8,50.7,0.38,True,1,60.129936,24.514421
2026-06-12T11:20:09.376899+00:00,133.0,-84.8,50.6,0.38,True,1,60.129936,24.514421
2026-06-12T11:20:09.465370+00:00,133.0,-84.8,50.4,0.38,True,1,60.129936,24.514421
2026-06-12T11:20:09.550188+00:00,133.0,-84.8,43.7,0.33,True,1,60.129936,24.514421
2026-06-12T11:20:09.703673+00:00,133.0,-84.8,50.3,0.38,True,1,60.129936,24.514421
2026-06-12T11:20:09.783513+00:00,133.0,-84.8,50.6,0.38,True,1,60.129936,24.514421
2026-06-12T11:20:09.855136+00:00,133.0,-84.8,50.4,0.38,True,1,60.129936,24.514421
2026-06-12T11:20:09.973273+00:00,133.0,-84.8,50.6,0.38,True,1,60.129936,24.514421
2026-06-12T11:20:10.067524+00:00,133.0,-84.8,50.4,0.38,True,1,60.129936,24.514421
2026-06-12T11:20:10.160141+00:00,133.0,-84.8,50.2,0.38,True,1,60.129936,24.514421
2026-06-12T11:20:11.050359+00:00,133.3,-84.8,42.3,0.32,True,2,60.13005,24.514256
2026-06-12T11:20:11.573038+00:00,133.3,-84.8,42.2,0.32,True,1,60.13005,24.514256
2026-06-12T11:20:11.873008+00:00,133.3,-84.8,42.2,0.32,True,1,60.13005,24.514256
2026-06-12T11:20:12.094317+00:00,133.3,-84.8,42.2,0.32,True,1,60.13005,24.514256
2026-06-12T11:20:12.158431+00:00,133.3,-84.8,26.5,0.2,True,1,60.13005,24.514256
2026-06-12T11:20:12.353405+00:00,133.3,-84.8,26.5,0.2,True,2,60.13005,24.514256
2026-06-12T11:20:12.558941+00:00,133.6,-84.8,36.0,0.27,True,2,60.130222,24.51401
2026-06-12T11:20:12.794187+00:00,133.6,-84.8,50.9,0.38,True,1,60.130222,24.51401
2026-06-12T11:20:12.882840+00:00,133.6,-84.8,50.9,0.38,True,2,60.130222,24.51401
2026-06-12T11:20:12.955718+00:00,133.6,-84.8,49.6,0.37,True,1,60.130222,24.51401
2026-06-12T11:20:13.069092+00:00,133.6,-84.8,50.9,0.38,True,2,60.130222,24.51401
2026-06-12T11:20:13.154321+00:00,133.6,-84.8,49.6,0.37,True,1,60.130222,24.51401
2026-06-12T11:20:19.432677+00:00,133.7,-84.8,69.6,0.52,True,1,60.13053,24.513561
2026-06-12T11:20:19.450538+00:00,133.7,-84.8,55.5,0.42,True,1,60.13053,24.513561
2026-06-12T11:20:19.553469+00:00,133.7,-84.8,69.6,0.52,True,1,60.13053,24.513561
2026-06-12T11:21:12.051348+00:00,134.6,-84.8,71.6,0.53,True,1,60.13094,24.513113
2026-06-12T11:21:12.156090+00:00,134.6,-84.8,71.6,0.53,True,1,60.13094,24.513113
2026-06-12T11:21:12.262634+00:00,134.6,-84.8,73.3,0.55,True,1,60.13094,24.513113
2026-06-12T11:21:12.461293+00:00,134.6,-84.8,73.3,0.55,True,1,60.13094,24.513113
2026-06-12T11:21:20.383533+00:00,134.7,-84.8,18.2,0.14,True,1,60.13011,24.514387
2026-06-12T11:21:20.592732+00:00,134.7,-84.8,18.2,0.14,True,1,60.13011,24.514387
2026-06-12T11:21:21.161677+00:00,134.7,-84.8,31.4,0.23,True,1,60.13011,24.514387
2026-06-12T11:21:21.353810+00:00,134.7,-84.8,31.4,0.23,True,1,60.13011,24.514387
2026-06-12T11:21:22.080076+00:00,134.5,-84.8,33.3,0.25,True,1,60.13006,24.514484
2026-06-12T11:21:22.272570+00:00,134.5,-84.8,33.3,0.25,True,1,60.13006,24.514484
2026-06-12T11:21:23.456888+00:00,134.6,-84.8,33.6,0.25,True,2,60.13006,24.514484
2026-06-12T11:21:23.551902+00:00,134.6,-84.8,33.6,0.25,True,2,60.13006,24.514484
2026-06-12T11:21:23.674844+00:00,134.6,-84.8,33.6,0.25,True,1,60.13006,24.514484
2026-06-12T11:21:24.274444+00:00,134.6,-84.8,33.6,0.25,True,1,60.13006,24.514484
2026-06-12T11:21:24.395173+00:00,134.6,-84.8,33.6,0.25,True,1,60.13006,24.514484
2026-06-12T11:21:24.782542+00:00,134.6,-84.8,33.7,0.25,True,1,60.13006,24.514484
2026-06-12T11:21:24.870164+00:00,134.6,-84.8,51.0,0.38,True,1,60.13006,24.514484
2026-06-12T11:21:25.255308+00:00,134.6,-84.8,50.9,0.38,True,1,60.13006,24.514484
2026-06-12T11:21:25.484164+00:00,134.6,-84.8,50.9,0.38,True,1,60.13006,24.514484
2026-06-12T11:21:25.926985+00:00,134.6,-84.8,50.8,0.38,True,1,60.13006,24.514484
2026-06-12T11:21:26.019186+00:00,134.6,-84.8,50.8,0.38,True,1,60.13006,24.514484
2026-06-12T11:21:26.466837+00:00,134.6,-84.8,50.7,0.38,True,1,60.13006,24.514484
2026-06-12T11:21:26.559842+00:00,134.6,-84.8,50.7,0.38,True,1,60.13006,24.514484
2026-06-12T11:21:26.694649+00:00,134.6,-84.8,50.7,0.38,True,1,60.13006,24.514484
2026-06-12T11:21:26.795238+00:00,134.6,-84.8,50.7,0.38,True,1,60.13006,24.514484
2026-06-12T11:21:26.955331+00:00,134.6,-84.8,50.7,0.38,True,1,60.13006,24.514484
2026-06-12T11:21:27.108049+00:00,134.6,-84.8,50.6,0.38,True,1,60.13006,24.514484
2026-06-12T11:21:27.296058+00:00,134.6,-84.8,50.6,0.38,True,1,60.13006,24.514484
2026-06-12T11:21:27.466865+00:00,134.6,-84.8,33.9,0.25,True,2,60.13006,24.514484
2026-06-12T11:21:27.673771+00:00,134.6,-84.8,33.9,0.25,True,2,60.13006,24.514484
2026-06-12T11:21:29.666078+00:00,134.6,-84.8,50.6,0.38,True,1,60.13006,24.514486
2026-06-12T11:21:29.855602+00:00,134.6,-84.8,50.6,0.38,True,1,60.13006,24.514486
2026-06-12T11:21:30.765478+00:00,134.6,-84.8,50.6,0.38,True,1,60.13006,24.514486
2026-06-12T11:21:30.955808+00:00,134.6,-84.8,36.7,0.27,True,1,60.13006,24.514486
2026-06-12T11:21:31.058267+00:00,134.6,-84.8,50.6,0.38,True,1,60.13006,24.514486
2026-06-12T11:21:31.165528+00:00,134.6,-84.8,36.7,0.27,True,2,60.13006,24.514486
2026-06-12T11:21:31.375234+00:00,134.6,-84.8,50.5,0.38,True,1,60.13006,24.514486
2026-06-12T11:21:32.090435+00:00,134.6,-84.8,50.4,0.37,True,1,60.13006,24.514486
2026-06-12T11:21:32.577518+00:00,134.6,-84.8,36.8,0.27,True,1,60.13006,24.514486
2026-06-12T11:21:33.196702+00:00,134.6,-84.8,50.3,0.37,True,1,60.13006,24.514484
2026-06-12T11:21:33.384886+00:00,134.6,-84.8,50.3,0.37,True,1,60.13006,24.514484
2026-06-12T11:21:33.472536+00:00,134.6,-84.8,50.4,0.37,True,1,60.13006,24.514484
2026-06-12T11:21:33.565785+00:00,134.6,-84.8,50.3,0.37,True,1,60.13006,24.514484
2026-06-12T11:21:42.955734+00:00,134.6,-84.8,38.7,0.29,True,1,60.130054,24.514486
2026-06-12T11:21:43.991618+00:00,134.6,-84.8,21.8,0.16,True,1,60.130074,24.514515
2026-06-12T11:21:44.094145+00:00,134.6,-84.8,21.8,0.16,True,1,60.130074,24.514515
2026-06-12T11:21:44.184449+00:00,134.6,-84.8,21.8,0.16,True,1,60.130074,24.514515
2026-06-12T11:21:44.682240+00:00,134.6,-84.8,38.6,0.29,True,1,60.130074,24.514515
2026-06-12T11:21:44.772965+00:00,134.6,-84.8,38.6,0.29,True,1,60.130074,24.514515
2026-06-12T11:21:44.860131+00:00,134.6,-84.8,38.6,0.29,True,1,60.130074,24.514515
2026-06-12T11:21:45.037783+00:00,134.6,-84.8,38.6,0.29,True,2,60.130074,24.514515
2026-06-12T11:21:45.162001+00:00,134.6,-84.8,61.0,0.45,True,1,60.130074,24.514515
2026-06-12T11:21:45.394502+00:00,134.6,-84.8,61.0,0.45,True,1,60.130074,24.514515
2026-06-12T11:21:46.558807+00:00,134.6,-84.8,36.8,0.27,True,1,60.130173,24.514664
2026-06-12T11:21:46.786102+00:00,134.6,-84.8,36.8,0.27,True,1,60.130173,24.514664
2026-06-12T11:21:49.258174+00:00,134.6,-84.8,41.3,0.31,True,1,60.13031,24.514946
2026-06-12T11:21:59.776175+00:00,120.7,-48.6,203.5,1.69,False,1,60.129784,24.515545
2026-06-12T11:21:59.966006+00:00,120.7,-48.6,79.5,0.66,True,1,60.129784,24.515545
2026-06-12T11:22:00.058857+00:00,120.7,-48.6,79.5,0.66,True,2,60.129784,24.515545
2026-06-12T11:22:00.161441+00:00,120.7,-48.6,79.5,0.66,True,1,60.129784,24.515545
2026-06-12T11:22:00.251964+00:00,120.7,-48.6,79.5,0.66,True,2,60.129784,24.515545
2026-06-12T11:22:00.357275+00:00,120.7,-48.6,151.3,1.25,False,1,60.129784,24.515545
2026-06-12T11:22:00.755256+00:00,120.7,-48.6,201.5,1.67,False,1,60.129784,24.515545
2026-06-12T11:22:01.360877+00:00,114.7,-48.6,43.7,0.38,True,1,60.12978,24.515549
2026-06-12T11:22:03.408029+00:00,114.7,-48.6,43.0,0.38,True,1,60.12978,24.515549
2026-06-12T11:22:03.530188+00:00,110.1,-48.6,43.0,0.39,True,1,60.12978,24.51555
2026-06-12T11:22:03.555890+00:00,110.1,-48.6,62.3,0.57,True,1,60.12978,24.51555
2026-06-12T11:22:03.660671+00:00,110.1,-48.6,61.9,0.56,True,1,60.12978,24.51555
2026-06-12T11:22:03.757097+00:00,110.1,-48.6,61.6,0.56,True,1,60.12978,24.51555
2026-06-12T11:22:04.493446+00:00,110.1,-48.6,43.0,0.39,True,2,60.12978,24.51555
2026-06-12T11:22:04.606008+00:00,110.1,-48.6,43.0,0.39,True,1,60.12978,24.51555
2026-06-12T11:22:04.688781+00:00,110.1,-48.6,43.0,0.39,True,2,60.12978,24.51555
2026-06-12T11:22:10.884983+00:00,87.0,-48.6,56.0,0.64,True,1,60.129982,24.51553
2026-06-12T11:22:11.071749+00:00,87.0,-48.6,56.0,0.64,True,1,60.129982,24.51553
2026-06-12T11:22:11.254720+00:00,87.0,-48.6,55.9,0.64,True,1,60.129982,24.51553
2026-06-12T11:22:11.489645+00:00,87.0,-48.6,56.0,0.64,True,1,60.129982,24.51553
2026-06-12T11:22:11.688794+00:00,87.0,-48.6,55.0,0.63,True,1,60.129982,24.51553
2026-06-12T11:22:11.791834+00:00,87.0,-48.6,56.0,0.64,True,1,60.129982,24.51553
2026-06-12T11:22:11.867789+00:00,87.0,-48.6,55.8,0.64,True,1,60.129982,24.51553
2026-06-12T11:22:12.581222+00:00,78.3,-48.6,55.1,0.7,True,1,60.129986,24.51553
2026-06-12T11:22:12.867616+00:00,78.3,-48.6,55.4,0.71,True,1,60.129986,24.51553
2026-06-12T11:22:12.992777+00:00,78.3,-48.6,55.2,0.71,True,1,60.129986,24.51553
2026-06-12T11:22:13.100152+00:00,78.3,-48.6,55.7,0.71,True,1,60.129986,24.51553
2026-06-12T11:22:13.201982+00:00,78.3,-48.6,55.2,0.71,True,1,60.129986,24.51553
2026-06-12T11:22:13.289496+00:00,78.3,-48.6,55.7,0.71,True,1,60.129986,24.51553
2026-06-12T11:22:14.166623+00:00,78.3,-48.6,54.8,0.7,True,1,60.129986,24.51553
2026-06-12T11:22:14.252414+00:00,78.3,-48.6,55.1,0.7,True,1,60.129986,24.51553
2026-06-12T11:22:14.350420+00:00,68.9,-48.6,55.8,0.81,True,1,60.129986,24.515532
2026-06-12T11:22:14.470300+00:00,68.9,-48.6,54.9,0.8,True,1,60.129986,24.515532
2026-06-12T11:22:14.692281+00:00,68.9,-48.6,55.3,0.8,True,1,60.129986,24.515532
2026-06-12T11:22:14.781343+00:00,68.9,-48.6,55.6,0.81,True,1,60.129986,24.515532
2026-06-12T11:22:14.861471+00:00,68.9,-48.6,54.8,0.8,True,1,60.129986,24.515532
2026-06-12T11:22:15.007194+00:00,68.9,-48.6,54.9,0.8,True,1,60.129986,24.515532
2026-06-12T11:22:15.092752+00:00,68.9,-48.6,54.8,0.8,True,1,60.129986,24.515532
2026-06-12T11:22:15.184322+00:00,68.9,-48.6,54.9,0.8,True,1,60.129986,24.515532
2026-06-12T11:22:15.263531+00:00,68.9,-48.6,54.9,0.8,True,1,60.129986,24.515532
2026-06-12T11:22:15.383804+00:00,68.9,-48.6,55.3,0.8,True,1,60.129986,24.515532
2026-06-12T11:22:15.470827+00:00,68.9,-48.6,54.9,0.8,True,1,60.129986,24.515532
2026-06-12T11:22:15.561801+00:00,68.9,-48.6,55.1,0.8,True,1,60.129986,24.515532
2026-06-12T11:22:15.654058+00:00,68.9,-48.6,54.9,0.8,True,1,60.129986,24.515532
2026-06-12T11:22:15.769890+00:00,68.9,-48.6,54.9,0.8,True,1,60.129986,24.515532
2026-06-12T11:22:15.991249+00:00,68.9,-48.6,55.1,0.8,True,1,60.129986,24.515532
2026-06-12T11:22:16.081895+00:00,68.9,-48.6,55.1,0.8,True,1,60.129986,24.515532
2026-06-12T11:22:16.154225+00:00,68.9,-48.6,55.0,0.8,True,1,60.129986,24.515532
2026-06-12T11:22:16.270241+00:00,68.9,-48.6,55.0,0.8,True,1,60.129986,24.515532
2026-06-12T11:22:16.358982+00:00,68.9,-48.6,55.0,0.8,True,1,60.129986,24.515532
2026-06-12T11:22:16.450072+00:00,68.9,-48.6,55.1,0.8,True,1,60.129986,24.515532
2026-06-12T11:22:16.625805+00:00,68.8,-48.6,55.5,0.81,True,1,60.129982,24.51553
2026-06-12T11:22:16.662806+00:00,68.8,-48.6,29.1,0.42,True,1,60.129982,24.51553
2026-06-12T11:22:16.802913+00:00,68.8,-48.6,29.1,0.42,True,1,60.129982,24.51553
2026-06-12T11:22:16.873465+00:00,68.8,-48.6,55.4,0.81,True,1,60.129982,24.51553
2026-06-12T11:22:16.979514+00:00,68.8,-48.6,55.4,0.81,True,1,60.129982,24.51553
2026-06-12T11:22:17.100650+00:00,68.8,-48.6,55.4,0.8,True,1,60.129982,24.51553
2026-06-12T11:22:17.176433+00:00,68.8,-48.6,55.6,0.81,True,1,60.129982,24.51553
2026-06-12T11:22:17.275396+00:00,68.8,-48.6,55.5,0.81,True,1,60.129982,24.51553
2026-06-12T11:22:17.358007+00:00,68.8,-48.6,55.6,0.81,True,1,60.129982,24.51553
2026-06-12T11:22:17.451523+00:00,68.8,-48.6,55.6,0.81,True,1,60.129982,24.51553
2026-06-12T11:22:17.560871+00:00,68.8,-48.6,55.6,0.81,True,1,60.129982,24.51553
2026-06-12T11:22:17.682408+00:00,68.8,-48.6,55.6,0.81,True,1,60.129982,24.51553
2026-06-12T11:22:17.756532+00:00,68.8,-48.6,55.6,0.81,True,1,60.129982,24.51553
2026-06-12T11:22:17.879759+00:00,68.8,-48.6,55.6,0.81,True,1,60.129982,24.51553
2026-06-12T11:22:17.982691+00:00,68.8,-48.6,55.5,0.81,True,1,60.129982,24.51553
2026-06-12T11:22:18.126109+00:00,68.8,-48.6,55.6,0.81,True,1,60.129982,24.51553
2026-06-12T11:22:18.176421+00:00,68.8,-48.6,55.5,0.81,True,1,60.129982,24.51553
2026-06-12T11:22:18.277458+00:00,68.8,-48.6,55.5,0.81,True,1,60.129982,24.51553
2026-06-12T11:22:18.402256+00:00,68.8,-48.6,55.5,0.81,True,1,60.129982,24.51553
2026-06-12T11:22:18.466625+00:00,68.8,-48.6,55.5,0.81,True,1,60.129982,24.51553
2026-06-12T11:22:18.604955+00:00,68.8,-48.6,55.5,0.81,True,1,60.129982,24.51553
2026-06-12T11:22:18.714833+00:00,68.9,-48.6,55.5,0.81,True,1,60.129982,24.51553
2026-06-12T11:22:18.759308+00:00,68.9,-48.6,55.5,0.81,True,1,60.129982,24.51553
2026-06-12T11:22:18.861178+00:00,68.9,-48.6,55.6,0.81,True,1,60.129982,24.51553
2026-06-12T11:22:18.968290+00:00,68.9,-48.6,55.6,0.81,True,1,60.129982,24.51553
2026-06-12T11:22:19.102642+00:00,68.9,-48.6,55.6,0.81,True,1,60.129982,24.51553
2026-06-12T11:22:19.191724+00:00,68.9,-48.6,55.6,0.81,True,1,60.129982,24.51553
2026-06-12T11:22:19.278534+00:00,68.9,-48.6,55.5,0.81,True,1,60.129982,24.51553
2026-06-12T11:22:19.369726+00:00,68.9,-48.6,55.6,0.81,True,1,60.129982,24.51553
2026-06-12T11:22:19.459113+00:00,68.9,-48.6,55.5,0.81,True,1,60.129982,24.51553
2026-06-12T11:22:19.560563+00:00,68.9,-48.6,55.6,0.81,True,1,60.129982,24.51553
2026-06-12T11:22:19.673950+00:00,68.9,-48.6,55.6,0.81,True,1,60.129982,24.51553
2026-06-12T11:22:19.799919+00:00,68.9,-48.6,55.6,0.81,True,1,60.129982,24.51553
2026-06-12T11:22:19.893429+00:00,68.9,-48.6,55.6,0.81,True,1,60.129982,24.51553
2026-06-12T11:22:19.967415+00:00,68.9,-48.6,55.6,0.81,True,1,60.129982,24.51553
2026-06-12T11:22:20.053418+00:00,68.9,-48.6,55.7,0.81,True,1,60.129982,24.51553
2026-06-12T11:22:20.172548+00:00,68.9,-48.6,29.2,0.42,True,2,60.129982,24.51553
2026-06-12T11:22:20.293389+00:00,68.9,-48.6,55.6,0.81,True,1,60.129982,24.51553
2026-06-12T11:22:20.366539+00:00,68.9,-48.6,29.2,0.42,True,2,60.129982,24.51553
2026-06-12T11:22:20.452516+00:00,68.9,-48.6,29.2,0.42,True,2,60.129982,24.51553
2026-06-12T11:22:20.557977+00:00,68.9,-48.6,29.2,0.42,True,2,60.129982,24.51553
2026-06-12T11:22:20.739629+00:00,68.9,-48.6,28.8,0.42,True,2,60.129986,24.51553
2026-06-12T11:22:20.760158+00:00,68.9,-48.6,28.7,0.42,True,2,60.129986,24.51553
2026-06-12T11:22:20.867574+00:00,68.9,-48.6,28.8,0.42,True,2,60.129986,24.51553
2026-06-12T11:22:20.992179+00:00,68.9,-48.6,28.8,0.42,True,2,60.129986,24.51553
2026-06-12T11:22:21.070070+00:00,68.9,-48.6,28.8,0.42,True,2,60.129986,24.51553
2026-06-12T11:22:21.184538+00:00,68.9,-48.6,28.8,0.42,True,2,60.129986,24.51553
2026-06-12T11:22:21.272361+00:00,68.9,-48.6,55.1,0.8,True,1,60.129986,24.51553
2026-06-12T11:22:21.359619+00:00,68.9,-48.6,28.7,0.42,True,2,60.129986,24.51553
2026-06-12T11:22:21.451265+00:00,68.9,-48.6,55.1,0.8,True,1,60.129986,24.51553
2026-06-12T11:22:21.561400+00:00,68.9,-48.6,28.7,0.42,True,2,60.129986,24.51553
2026-06-12T11:22:21.697977+00:00,68.9,-48.6,28.7,0.42,True,2,60.129986,24.51553
2026-06-12T11:22:21.790426+00:00,68.9,-48.6,28.7,0.42,True,2,60.129986,24.51553
2026-06-12T11:22:21.865446+00:00,68.9,-48.6,28.7,0.42,True,2,60.129986,24.51553
2026-06-12T11:22:21.965345+00:00,68.9,-48.6,28.7,0.42,True,2,60.129986,24.51553
2026-06-12T11:22:22.100795+00:00,68.9,-48.6,28.7,0.42,True,2,60.129986,24.51553
2026-06-12T11:22:22.203570+00:00,68.9,-48.6,28.7,0.42,True,2,60.129986,24.51553
2026-06-12T11:22:22.274882+00:00,68.9,-48.6,55.1,0.8,True,1,60.129986,24.51553
2026-06-12T11:22:22.396892+00:00,68.9,-48.6,55.2,0.8,True,1,60.129986,24.51553
2026-06-12T11:22:22.451294+00:00,68.9,-48.6,55.1,0.8,True,1,60.129986,24.51553
2026-06-12T11:22:22.553130+00:00,68.9,-48.6,28.7,0.42,True,2,60.129986,24.51553
2026-06-12T11:22:22.682102+00:00,68.9,-48.6,55.1,0.8,True,1,60.129986,24.51553
2026-06-12T11:22:22.782159+00:00,68.9,-48.6,27.7,0.4,True,2,60.129993,24.515541
2026-06-12T11:22:22.958083+00:00,68.9,-48.6,54.4,0.79,True,1,60.129993,24.515541
2026-06-12T11:22:23.197810+00:00,68.9,-48.6,54.4,0.79,True,1,60.129993,24.515541
2026-06-12T11:22:23.370964+00:00,68.9,-48.6,54.4,0.79,True,1,60.129993,24.515541
2026-06-12T11:22:23.557228+00:00,68.9,-48.6,54.4,0.79,True,1,60.129993,24.515541
2026-06-12T11:22:23.661164+00:00,68.9,-48.6,54.7,0.79,True,1,60.129993,24.515541
2026-06-12T11:22:23.801673+00:00,68.9,-48.6,54.5,0.79,True,1,60.129993,24.515541
2026-06-12T11:22:24.373462+00:00,68.9,-48.6,54.7,0.79,True,1,60.129993,24.515541
2026-06-12T11:22:24.450734+00:00,68.9,-48.6,54.7,0.79,True,1,60.129993,24.515541
2026-06-12T11:22:24.609129+00:00,68.9,-48.6,54.7,0.79,True,1,60.129993,24.515541
2026-06-12T11:22:24.694787+00:00,68.9,-48.6,54.7,0.79,True,1,60.129993,24.515541
2026-06-12T11:22:24.782723+00:00,68.9,-48.6,54.7,0.79,True,1,60.129993,24.515541
2026-06-12T11:22:24.850899+00:00,68.9,-48.6,50.1,0.73,True,2,60.129993,24.515541
2026-06-12T11:22:24.959980+00:00,68.9,-48.6,50.3,0.73,True,1,60.13004,24.515642
2026-06-12T11:22:25.057985+00:00,68.9,-48.6,49.1,0.71,True,2,60.13004,24.515642
2026-06-12T11:22:25.275427+00:00,68.9,-48.6,49.1,0.71,True,2,60.13004,24.515642
2026-06-12T11:22:25.354338+00:00,68.9,-48.6,50.2,0.73,True,1,60.13004,24.515642
2026-06-12T11:22:25.555093+00:00,68.9,-48.6,50.3,0.73,True,1,60.13004,24.515642
2026-06-12T11:22:25.665514+00:00,68.9,-48.6,50.1,0.73,True,1,60.13004,24.515642
2026-06-12T11:22:25.770150+00:00,68.9,-48.6,50.3,0.73,True,1,60.130043,24.515652
2026-06-12T11:22:25.911045+00:00,68.9,-48.6,49.9,0.72,True,1,60.130043,24.515652
2026-06-12T11:22:25.967356+00:00,68.9,-48.6,50.0,0.73,True,2,60.130043,24.515652
2026-06-12T11:22:26.066610+00:00,68.9,-48.6,50.1,0.73,True,1,60.130043,24.515652
2026-06-12T11:22:26.178517+00:00,68.9,-48.6,50.1,0.73,True,1,60.130043,24.515652
2026-06-12T11:22:26.256906+00:00,68.9,-48.6,50.1,0.73,True,1,60.130043,24.515652
2026-06-12T11:22:26.368997+00:00,68.9,-48.6,50.0,0.73,True,1,60.130043,24.515652
2026-06-12T11:22:26.501844+00:00,68.9,-48.6,50.0,0.73,True,1,60.130043,24.515652
2026-06-12T11:22:26.550992+00:00,68.9,-48.6,50.1,0.73,True,1,60.130043,24.515652
2026-06-12T11:22:26.729287+00:00,68.9,-48.6,50.1,0.73,True,1,60.130043,24.515652
2026-06-12T11:22:26.761166+00:00,68.9,-48.6,50.1,0.73,True,1,60.130043,24.515652
2026-06-12T11:22:26.866616+00:00,68.9,-48.6,50.1,0.73,True,1,60.130043,24.515652
2026-06-12T11:22:26.996990+00:00,68.9,-48.6,50.1,0.73,True,1,60.130043,24.515652
2026-06-12T11:22:27.073930+00:00,68.9,-48.6,50.1,0.73,True,1,60.130043,24.515652
2026-06-12T11:22:27.158978+00:00,68.9,-48.6,50.2,0.73,True,1,60.130043,24.515652
2026-06-12T11:22:27.263858+00:00,68.9,-48.6,50.1,0.73,True,1,60.130043,24.515652
2026-06-12T11:22:27.357286+00:00,68.9,-48.6,50.2,0.73,True,1,60.130043,24.515652
2026-06-12T11:22:27.456494+00:00,68.9,-48.6,50.1,0.73,True,1,60.130043,24.515652
2026-06-12T11:22:27.574769+00:00,68.9,-48.6,50.1,0.73,True,1,60.130043,24.515652
2026-06-12T11:22:27.666425+00:00,68.9,-48.6,50.1,0.73,True,1,60.130043,24.515652
2026-06-12T11:22:27.773899+00:00,68.9,-48.6,50.1,0.73,True,1,60.130043,24.515652
2026-06-12T11:22:27.852477+00:00,68.9,-48.6,50.1,0.73,True,1,60.130043,24.515652
2026-06-12T11:22:27.981750+00:00,65.4,-48.6,49.7,0.76,True,1,60.130047,24.51565
2026-06-12T11:22:28.065332+00:00,65.4,-48.6,49.7,0.76,True,1,60.130047,24.51565
2026-06-12T11:22:28.170933+00:00,65.4,-48.6,49.7,0.76,True,1,60.130047,24.51565
2026-06-12T11:22:28.258441+00:00,65.4,-48.6,49.7,0.76,True,1,60.130047,24.51565
2026-06-12T11:22:28.353737+00:00,65.4,-48.6,49.7,0.76,True,1,60.130047,24.51565
2026-06-12T11:22:28.481037+00:00,65.4,-48.6,49.8,0.76,True,1,60.130047,24.51565
2026-06-12T11:22:28.695484+00:00,65.4,-48.6,49.8,0.76,True,1,60.130047,24.51565
2026-06-12T11:22:28.785054+00:00,65.4,-48.6,49.8,0.76,True,1,60.130047,24.51565
2026-06-12T11:22:28.851776+00:00,65.4,-48.6,40.6,0.62,True,3,60.130047,24.51565
2026-06-12T11:22:28.995206+00:00,65.4,-48.6,49.8,0.76,True,1,60.130047,24.51565
2026-06-12T11:22:29.072906+00:00,65.4,-48.6,40.3,0.62,True,3,60.130047,24.51565
2026-06-12T11:22:29.153399+00:00,65.4,-48.6,50.4,0.77,True,1,60.130047,24.51565
2026-06-12T11:22:29.259690+00:00,65.4,-48.6,40.3,0.62,True,3,60.130047,24.51565
2026-06-12T11:22:29.356187+00:00,65.4,-48.6,50.4,0.77,True,1,60.130047,24.51565
2026-06-12T11:22:29.458175+00:00,65.4,-48.6,50.2,0.77,True,2,60.130047,24.51565
2026-06-12T11:22:29.671753+00:00,65.4,-48.6,40.9,0.63,True,1,60.130047,24.51565
2026-06-12T11:22:29.790823+00:00,65.4,-48.6,50.5,0.77,True,1,60.130047,24.51565
2026-06-12T11:22:29.867757+00:00,65.4,-48.6,40.9,0.63,True,1,60.130047,24.51565
2026-06-12T11:22:29.962520+00:00,65.4,-48.6,50.4,0.77,True,1,60.130047,24.51565
2026-06-12T11:22:30.073766+00:00,57.3,-48.6,42.2,0.74,True,1,60.13012,24.515644
2026-06-12T11:22:30.976809+00:00,57.3,-48.6,42.0,0.73,True,1,60.13012,24.515644
2026-06-12T11:22:31.065018+00:00,57.3,-48.6,42.2,0.74,True,1,60.13012,24.515644
2026-06-12T11:22:31.158644+00:00,57.3,-48.6,42.1,0.73,True,1,60.13012,24.515644
2026-06-12T11:22:31.272740+00:00,57.3,-48.6,42.1,0.73,True,1,60.13012,24.515644
2026-06-12T11:22:31.418790+00:00,57.3,-48.6,42.1,0.74,True,1,60.13012,24.515644
2026-06-12T11:22:31.461778+00:00,57.3,-48.6,32.8,0.57,True,2,60.13012,24.515644
2026-06-12T11:22:31.625820+00:00,57.3,-48.6,42.2,0.74,True,1,60.13012,24.515644
2026-06-12T11:22:31.670426+00:00,57.3,-48.6,32.6,0.57,True,2,60.13012,24.515644
2026-06-12T11:22:31.809951+00:00,57.3,-48.6,42.2,0.74,True,1,60.13012,24.515644
2026-06-12T11:22:31.852672+00:00,57.3,-48.6,33.0,0.58,True,2,60.13012,24.515644
2026-06-12T11:22:31.977590+00:00,57.3,-48.6,33.0,0.58,True,2,60.13012,24.515644
2026-06-12T11:22:32.061407+00:00,57.3,-48.6,42.1,0.74,True,1,60.13012,24.515644
2026-06-12T11:22:32.170246+00:00,50.0,-48.6,20.0,0.4,True,2,60.13025,24.515564
2026-06-12T11:22:32.255087+00:00,50.0,-48.6,27.0,0.54,True,1,60.13025,24.515564
2026-06-12T11:22:32.350102+00:00,50.0,-48.6,27.0,0.54,True,1,60.13025,24.515564
2026-06-12T11:22:32.451916+00:00,50.0,-48.6,27.2,0.54,True,2,60.13025,24.515564
2026-06-12T11:22:32.565643+00:00,50.0,-48.6,27.3,0.55,True,1,60.13025,24.515564
2026-06-12T11:22:32.694390+00:00,50.0,-48.6,26.8,0.54,True,1,60.13025,24.515564
2026-06-12T11:22:32.767459+00:00,50.0,-48.6,27.2,0.54,True,1,60.13025,24.515564
2026-06-12T11:22:32.864987+00:00,50.0,-48.6,27.0,0.54,True,1,60.13025,24.515564
2026-06-12T11:22:32.960154+00:00,50.0,-48.6,27.2,0.54,True,1,60.13025,24.515564
2026-06-12T11:22:33.091357+00:00,50.0,-48.6,26.5,0.53,True,2,60.13025,24.515564
2026-06-12T11:22:33.167705+00:00,50.0,-48.6,27.4,0.55,True,2,60.13025,24.515564
2026-06-12T11:22:33.251563+00:00,50.0,-48.6,27.0,0.54,True,2,60.13025,24.515564
2026-06-12T11:22:33.370194+00:00,50.0,-48.6,27.2,0.54,True,1,60.13025,24.515564
2026-06-12T11:22:33.493062+00:00,50.0,-48.6,26.7,0.53,True,1,60.13025,24.515564
2026-06-12T11:22:33.580439+00:00,50.0,-48.6,26.7,0.53,True,1,60.13025,24.515564
2026-06-12T11:22:33.666341+00:00,50.0,-48.6,26.9,0.54,True,1,60.13025,24.515564
2026-06-12T11:22:33.757461+00:00,50.0,-48.6,26.9,0.54,True,1,60.13025,24.515564
2026-06-12T11:22:33.894539+00:00,50.0,-48.6,26.9,0.54,True,1,60.13025,24.515564
2026-06-12T11:22:34.021226+00:00,50.0,-48.6,26.9,0.54,True,1,60.13025,24.515564
2026-06-12T11:22:34.055305+00:00,50.0,-48.6,26.6,0.53,True,1,60.13025,24.515564
2026-06-12T11:22:34.185264+00:00,50.0,-48.6,26.6,0.53,True,1,60.13025,24.515564
2026-06-12T11:22:34.269529+00:00,46.2,-48.6,13.3,0.29,True,2,60.13028,24.515564
2026-06-12T11:22:34.375818+00:00,46.2,-48.6,23.6,0.51,True,2,60.13028,24.515564
2026-06-12T11:22:34.463616+00:00,46.2,-48.6,22.7,0.49,True,3,60.13028,24.515564
2026-06-12T11:22:34.593496+00:00,46.2,-48.6,23.6,0.51,True,2,60.13028,24.515564
2026-06-12T11:22:34.672654+00:00,46.2,-48.6,31.3,0.68,True,1,60.13028,24.515564
2026-06-12T11:22:34.761327+00:00,46.2,-48.6,23.6,0.51,True,2,60.13028,24.515564
2026-06-12T11:22:34.853899+00:00,46.2,-48.6,31.3,0.68,True,1,60.13028,24.515564
2026-06-12T11:22:34.981296+00:00,46.2,-48.6,23.6,0.51,True,5,60.13028,24.515564
2026-06-12T11:22:35.060096+00:00,46.2,-48.6,23.5,0.51,True,5,60.13028,24.515564
2026-06-12T11:22:35.205761+00:00,46.2,-48.6,23.5,0.51,True,5,60.13028,24.515564
2026-06-12T11:22:35.286987+00:00,46.2,-48.6,23.3,0.51,True,6,60.13028,24.515564
2026-06-12T11:22:35.352861+00:00,46.2,-48.6,23.5,0.51,True,6,60.13028,24.515564
2026-06-12T11:22:35.469469+00:00,46.2,-48.6,23.3,0.51,True,6,60.13028,24.515564
2026-06-12T11:22:35.554293+00:00,46.2,-48.6,23.4,0.51,True,6,60.13028,24.515564
2026-06-12T11:22:35.667971+00:00,46.2,-48.6,23.4,0.51,True,4,60.13028,24.515564
2026-06-12T11:22:35.816869+00:00,46.2,-48.6,17.4,0.38,True,4,60.13028,24.515564
2026-06-12T11:22:35.864505+00:00,46.2,-48.6,23.4,0.51,True,6,60.13028,24.515564
2026-06-12T11:22:35.991760+00:00,46.2,-48.6,23.3,0.51,True,5,60.13028,24.515564
2026-06-12T11:22:36.080727+00:00,46.2,-48.6,23.4,0.51,True,6,60.13028,24.515564
2026-06-12T11:22:36.176824+00:00,46.2,-48.6,23.4,0.51,True,5,60.13028,24.515564
2026-06-12T11:22:36.265207+00:00,46.2,-48.6,23.5,0.51,True,5,60.13028,24.515564
2026-06-12T11:22:36.384904+00:00,46.1,-48.6,20.2,0.44,True,4,60.130333,24.515667
2026-06-12T11:22:36.514275+00:00,46.1,-48.6,17.8,0.38,True,5,60.130333,24.515667
2026-06-12T11:22:36.607850+00:00,46.1,-48.6,20.2,0.44,True,4,60.130333,24.515667
2026-06-12T11:22:36.653193+00:00,46.1,-48.6,20.2,0.44,True,3,60.130333,24.515667
2026-06-12T11:22:36.782290+00:00,46.1,-48.6,20.2,0.44,True,4,60.130333,24.515667
2026-06-12T11:22:36.868576+00:00,46.1,-48.6,20.2,0.44,True,3,60.130333,24.515667
2026-06-12T11:22:36.962248+00:00,46.1,-48.6,20.2,0.44,True,5,60.130333,24.515667
2026-06-12T11:22:37.050202+00:00,46.1,-48.6,17.7,0.38,True,5,60.130333,24.515667
2026-06-12T11:22:37.219150+00:00,46.1,-48.6,18.2,0.4,True,6,60.130333,24.515667
2026-06-12T11:22:37.305671+00:00,46.1,-48.6,17.6,0.38,True,5,60.130333,24.515667
2026-06-12T11:22:37.398820+00:00,46.1,-48.6,20.4,0.44,True,4,60.130333,24.515667
2026-06-12T11:22:37.480246+00:00,46.1,-48.6,20.2,0.44,True,6,60.130333,24.515667
2026-06-12T11:22:37.550161+00:00,46.1,-48.6,20.4,0.44,True,5,60.130333,24.515667
2026-06-12T11:22:37.659714+00:00,46.1,-48.6,20.2,0.44,True,6,60.130333,24.515667
2026-06-12T11:22:37.829389+00:00,46.1,-48.6,20.2,0.44,True,4,60.130333,24.515667
2026-06-12T11:22:37.850641+00:00,46.1,-48.6,20.2,0.44,True,5,60.130333,24.515667
2026-06-12T11:22:37.970475+00:00,46.1,-48.6,18.0,0.39,True,5,60.130333,24.515667
2026-06-12T11:22:38.121014+00:00,46.1,-48.6,18.0,0.39,True,5,60.130333,24.515667
2026-06-12T11:22:38.219517+00:00,46.1,-48.6,20.2,0.44,True,6,60.130333,24.515667
2026-06-12T11:22:38.319711+00:00,46.1,-48.6,20.2,0.44,True,5,60.130333,24.515667
2026-06-12T11:22:38.444793+00:00,45.8,-48.6,20.0,0.44,True,6,60.13034,24.515682
2026-06-12T11:22:38.469906+00:00,45.8,-48.6,17.5,0.38,True,6,60.13034,24.515682
2026-06-12T11:22:38.573427+00:00,45.8,-48.6,20.0,0.44,True,5,60.13034,24.515682
2026-06-12T11:22:38.673079+00:00,45.8,-48.6,20.0,0.44,True,5,60.13034,24.515682
2026-06-12T11:22:38.767875+00:00,45.8,-48.6,20.0,0.44,True,5,60.13034,24.515682
2026-06-12T11:22:38.867658+00:00,45.8,-48.6,19.9,0.44,True,5,60.13034,24.515682
2026-06-12T11:22:38.964815+00:00,45.8,-48.6,19.9,0.44,True,5,60.13034,24.515682
2026-06-12T11:22:39.056664+00:00,45.8,-48.6,19.9,0.44,True,5,60.13034,24.515682
2026-06-12T11:22:39.176038+00:00,45.8,-48.6,19.8,0.43,True,3,60.13034,24.515682
2026-06-12T11:22:39.256944+00:00,45.8,-48.6,19.8,0.43,True,4,60.13034,24.515682
2026-06-12T11:22:39.402459+00:00,45.8,-48.6,19.8,0.43,True,3,60.13034,24.515682
2026-06-12T11:22:39.491006+00:00,45.8,-48.6,19.8,0.43,True,4,60.13034,24.515682
2026-06-12T11:22:39.582699+00:00,45.8,-48.6,17.2,0.38,True,4,60.13034,24.515682
2026-06-12T11:22:39.656181+00:00,45.8,-48.6,19.8,0.43,True,2,60.13034,24.515682
2026-06-12T11:22:39.818790+00:00,45.8,-48.6,19.8,0.43,True,2,60.13034,24.515682
2026-06-12T11:22:39.919021+00:00,45.8,-48.6,19.9,0.43,True,4,60.13034,24.515682
2026-06-12T11:22:40.001157+00:00,45.8,-48.6,19.8,0.43,True,2,60.13034,24.515682
2026-06-12T11:22:40.136867+00:00,45.8,-48.6,19.8,0.43,True,3,60.13034,24.515682
2026-06-12T11:22:40.151903+00:00,45.8,-48.6,19.8,0.43,True,3,60.13034,24.515682
2026-06-12T11:22:40.281120+00:00,45.8,-48.6,19.7,0.43,True,6,60.13034,24.515682
2026-06-12T11:22:40.360670+00:00,45.8,-48.6,19.3,0.42,True,5,60.13034,24.515682
2026-06-12T11:22:40.497340+00:00,45.8,-46.3,21.8,0.48,True,5,60.130333,24.51572
2026-06-12T11:22:40.571049+00:00,45.8,-46.3,21.4,0.47,True,5,60.130333,24.51572
2026-06-12T11:22:40.666498+00:00,45.8,-46.3,21.8,0.48,True,5,60.130333,24.51572
2026-06-12T11:22:40.760758+00:00,45.8,-46.3,21.7,0.47,True,6,60.130333,24.51572
2026-06-12T11:22:40.863238+00:00,45.8,-46.3,21.4,0.47,True,5,60.130333,24.51572
2026-06-12T11:22:40.994172+00:00,45.8,-46.3,21.9,0.48,True,2,60.130333,24.51572
2026-06-12T11:22:41.063761+00:00,45.8,-46.3,21.6,0.47,True,3,60.130333,24.51572
2026-06-12T11:22:41.159485+00:00,45.8,-46.3,21.8,0.48,True,4,60.130333,24.51572
2026-06-12T11:22:41.279858+00:00,45.8,-46.3,21.6,0.47,True,3,60.130333,24.51572
2026-06-12T11:22:41.365575+00:00,45.8,-46.3,21.8,0.48,True,4,60.130333,24.51572
2026-06-12T11:22:41.454241+00:00,45.8,-46.3,21.9,0.48,True,3,60.130333,24.51572
2026-06-12T11:22:41.560803+00:00,45.8,-46.3,21.8,0.48,True,5,60.130333,24.51572
2026-06-12T11:22:41.699115+00:00,45.8,-46.3,21.9,0.48,True,5,60.130333,24.51572
2026-06-12T11:22:41.783589+00:00,45.8,-46.3,21.8,0.48,True,2,60.130333,24.51572
2026-06-12T11:22:41.875870+00:00,45.8,-46.3,21.6,0.47,True,3,60.130333,24.51572
2026-06-12T11:22:41.966672+00:00,45.8,-46.3,21.8,0.48,True,2,60.130333,24.51572
2026-06-12T11:22:42.063907+00:00,45.8,-46.3,21.5,0.47,True,3,60.130333,24.51572
2026-06-12T11:22:42.159488+00:00,45.8,-46.3,21.8,0.48,True,2,60.130333,24.51572
2026-06-12T11:22:42.268261+00:00,45.8,-46.3,21.7,0.47,True,1,60.130333,24.51572
2026-06-12T11:22:42.382356+00:00,45.8,-46.3,21.9,0.48,True,4,60.130333,24.51572
2026-06-12T11:22:42.469091+00:00,45.8,-46.3,22.0,0.48,True,1,60.130333,24.51572
2026-06-12T11:22:42.595491+00:00,45.8,-46.3,22.1,0.48,True,3,60.130333,24.51572
2026-06-12T11:22:42.704052+00:00,45.8,-45.1,24.7,0.54,True,3,60.13032,24.515768
2026-06-12T11:22:42.792421+00:00,45.8,-45.1,24.6,0.54,True,5,60.13032,24.515768
2026-06-12T11:22:42.966628+00:00,45.8,-45.1,24.6,0.54,True,4,60.13032,24.515768
2026-06-12T11:22:43.072895+00:00,45.8,-45.1,24.7,0.54,True,3,60.13032,24.515768
2026-06-12T11:22:43.160234+00:00,45.8,-45.1,24.6,0.54,True,4,60.13032,24.515768
2026-06-12T11:22:43.280819+00:00,45.8,-45.1,24.6,0.54,True,4,60.13032,24.515768
2026-06-12T11:22:43.376578+00:00,45.8,-45.1,24.5,0.54,True,2,60.13032,24.515768
2026-06-12T11:22:43.459051+00:00,45.8,-45.1,24.6,0.54,True,2,60.13032,24.515768
2026-06-12T11:22:43.569518+00:00,45.8,-45.1,24.7,0.54,True,3,60.13032,24.515768
2026-06-12T11:22:43.699069+00:00,45.8,-45.1,24.6,0.54,True,2,60.13032,24.515768
2026-06-12T11:22:43.775325+00:00,45.8,-45.1,24.4,0.53,True,3,60.13032,24.515768
2026-06-12T11:22:43.859576+00:00,45.8,-45.1,24.6,0.54,True,2,60.13032,24.515768
2026-06-12T11:22:43.963902+00:00,45.8,-45.1,24.4,0.53,True,3,60.13032,24.515768
2026-06-12T11:22:44.050285+00:00,45.8,-45.1,24.6,0.54,True,2,60.13032,24.515768
2026-06-12T11:22:44.161163+00:00,45.8,-45.1,24.8,0.54,True,6,60.13032,24.515768
2026-06-12T11:22:44.257554+00:00,45.8,-45.1,24.7,0.54,True,3,60.13032,24.515768
2026-06-12T11:22:44.400797+00:00,45.8,-45.1,24.9,0.54,True,4,60.13032,24.515768
2026-06-12T11:22:44.476830+00:00,45.8,-45.1,24.7,0.54,True,5,60.13032,24.515768
2026-06-12T11:22:44.580715+00:00,45.8,-45.1,24.9,0.54,True,4,60.13032,24.515768
2026-06-12T11:22:44.651440+00:00,45.8,-45.1,24.8,0.54,True,3,60.13032,24.515768
2026-06-12T11:22:44.803488+00:00,45.8,-38.0,24.8,0.54,True,3,60.13032,24.51577
2026-06-12T11:22:44.915101+00:00,45.8,-38.0,24.9,0.54,True,2,60.13032,24.51577
2026-06-12T11:22:45.023103+00:00,45.8,-38.0,24.9,0.54,True,2,60.13032,24.51577
2026-06-12T11:22:45.053537+00:00,45.8,-38.0,26.7,0.58,True,4,60.13032,24.51577
2026-06-12T11:22:45.208166+00:00,45.8,-38.0,24.4,0.53,True,5,60.13032,24.51577
2026-06-12T11:22:45.283843+00:00,45.8,-38.0,27.1,0.59,True,3,60.13032,24.51577
2026-06-12T11:22:45.352131+00:00,45.8,-38.0,25.2,0.55,True,3,60.13032,24.51577
2026-06-12T11:22:45.482390+00:00,45.8,-38.0,25.8,0.56,True,4,60.13032,24.51577
2026-06-12T11:22:45.576103+00:00,45.8,-38.0,25.2,0.55,True,3,60.13032,24.51577
2026-06-12T11:22:45.667040+00:00,45.8,-38.0,25.8,0.56,True,4,60.13032,24.51577
2026-06-12T11:22:45.787737+00:00,45.8,-38.0,25.0,0.55,True,3,60.13032,24.51577
2026-06-12T11:22:45.873398+00:00,45.8,-38.0,24.9,0.54,True,2,60.13032,24.51577
2026-06-12T11:22:45.953743+00:00,45.8,-38.0,25.1,0.55,True,2,60.13032,24.51577
2026-06-12T11:22:46.062691+00:00,45.8,-38.0,26.1,0.57,True,1,60.13032,24.51577
2026-06-12T11:22:46.198710+00:00,45.8,-38.0,25.1,0.55,True,2,60.13032,24.51577
2026-06-12T11:22:46.283616+00:00,45.8,-38.0,26.1,0.57,True,1,60.13032,24.51577
2026-06-12T11:22:46.371086+00:00,45.8,-38.0,25.1,0.55,True,3,60.13032,24.51577
2026-06-12T11:22:46.459283+00:00,45.8,-38.0,25.6,0.56,True,3,60.13032,24.51577
2026-06-12T11:22:46.556970+00:00,45.8,-38.0,24.6,0.54,True,4,60.13032,24.51577
2026-06-12T11:22:46.660566+00:00,45.8,-38.0,24.9,0.54,True,2,60.13032,24.51577
2026-06-12T11:22:46.790422+00:00,45.8,-40.6,24.9,0.55,True,3,60.13032,24.51577
2026-06-12T11:22:46.860047+00:00,45.8,-40.6,24.9,0.54,True,2,60.13032,24.51577
2026-06-12T11:22:46.950395+00:00,45.8,-40.6,24.9,0.55,True,3,60.13032,24.51577
2026-06-12T11:22:47.181149+00:00,45.8,-40.6,24.9,0.54,True,2,60.13032,24.51577
2026-06-12T11:22:47.256693+00:00,45.8,-40.6,24.9,0.54,True,2,60.13032,24.51577
2026-06-12T11:22:47.368551+00:00,45.8,-40.6,24.8,0.54,True,2,60.13032,24.51577
2026-06-12T11:22:47.451663+00:00,45.8,-40.6,24.9,0.54,True,2,60.13032,24.51577
2026-06-12T11:22:47.556958+00:00,45.8,-40.6,24.8,0.54,True,3,60.13032,24.51577
2026-06-12T11:22:47.680186+00:00,45.8,-40.6,25.2,0.55,True,1,60.13032,24.51577
2026-06-12T11:22:47.750129+00:00,45.8,-40.6,24.8,0.54,True,3,60.13032,24.51577
2026-06-12T11:22:47.861379+00:00,45.8,-40.6,25.1,0.55,True,3,60.13032,24.51577
2026-06-12T11:22:47.967824+00:00,45.8,-40.6,24.9,0.54,True,4,60.13032,24.51577
2026-06-12T11:22:48.071017+00:00,45.8,-40.6,24.9,0.54,True,3,60.13032,24.51577
2026-06-12T11:22:48.201779+00:00,45.8,-40.6,24.9,0.54,True,2,60.13032,24.51577
2026-06-12T11:22:48.254801+00:00,45.8,-40.6,24.9,0.54,True,2,60.13032,24.51577
2026-06-12T11:22:48.353996+00:00,45.8,-40.6,24.9,0.55,True,3,60.13032,24.51577
2026-06-12T11:22:48.468843+00:00,45.8,-40.6,24.9,0.55,True,2,60.13032,24.51577
2026-06-12T11:22:48.571601+00:00,45.8,-40.6,24.9,0.54,True,2,60.13032,24.51577
2026-06-12T11:22:48.654100+00:00,45.8,-40.6,24.9,0.55,True,2,60.13032,24.51577
2026-06-12T11:22:48.780494+00:00,45.8,-40.6,24.9,0.54,True,3,60.13032,24.51577
2026-06-12T11:22:48.859067+00:00,45.8,-40.6,24.9,0.54,True,3,60.13032,24.51577
2026-06-12T11:22:48.974665+00:00,41.6,-40.6,24.9,0.6,True,2,60.13032,24.51577
2026-06-12T11:22:49.050709+00:00,41.6,-40.6,24.9,0.6,True,3,60.13032,24.51577
2026-06-12T11:22:49.172220+00:00,41.6,-40.6,24.9,0.6,True,2,60.13032,24.51577
2026-06-12T11:22:49.302550+00:00,41.6,-40.6,24.9,0.6,True,1,60.13032,24.51577
2026-06-12T11:22:49.391860+00:00,41.6,-40.6,24.9,0.6,True,2,60.13032,24.51577
2026-06-12T11:22:49.487183+00:00,41.6,-40.6,25.0,0.6,True,1,60.13032,24.51577
2026-06-12T11:22:49.576825+00:00,41.6,-40.6,25.0,0.6,True,1,60.13032,24.51577
2026-06-12T11:22:49.666695+00:00,41.6,-40.6,25.0,0.6,True,3,60.13032,24.51577
2026-06-12T11:22:49.767701+00:00,41.6,-40.6,25.0,0.6,True,1,60.13032,24.51577
2026-06-12T11:22:49.875985+00:00,41.6,-40.6,25.0,0.6,True,3,60.13032,24.51577
2026-06-12T11:22:49.959179+00:00,41.6,-40.6,25.1,0.6,True,4,60.13032,24.51577
2026-06-12T11:22:50.097680+00:00,41.6,-40.6,25.1,0.6,True,2,60.13032,24.51577
2026-06-12T11:22:50.170841+00:00,41.6,-40.6,25.3,0.61,True,3,60.13032,24.51577
2026-06-12T11:22:50.252985+00:00,41.6,-40.6,24.8,0.6,True,3,60.13032,24.51577
2026-06-12T11:22:50.365908+00:00,41.6,-40.6,25.3,0.61,True,3,60.13032,24.51577
2026-06-12T11:22:50.453404+00:00,41.6,-40.6,24.8,0.6,True,3,60.13032,24.51577
2026-06-12T11:22:50.561460+00:00,41.6,-40.6,25.3,0.61,True,2,60.13032,24.51577
2026-06-12T11:22:50.725044+00:00,41.6,-40.6,25.0,0.6,True,3,60.13032,24.51577
2026-06-12T11:22:50.751133+00:00,41.6,-40.6,25.0,0.6,True,4,60.13032,24.51577
2026-06-12T11:22:50.921185+00:00,41.6,-40.6,25.0,0.6,True,4,60.13032,24.51577
2026-06-12T11:22:50.988612+00:00,41.6,-40.6,25.4,0.61,True,4,60.13032,24.51577
2026-06-12T11:22:51.095378+00:00,36.3,-40.6,21.1,0.58,True,3,60.130352,24.515715
2026-06-12T11:22:51.151617+00:00,36.3,-40.6,20.5,0.57,True,5,60.130352,24.515715
2026-06-12T11:22:51.269171+00:00,36.3,-40.6,20.3,0.56,True,4,60.130352,24.515715
2026-06-12T11:22:51.351312+00:00,36.3,-40.6,20.5,0.57,True,5,60.130352,24.515715
2026-06-12T11:22:51.478494+00:00,36.3,-40.6,20.8,0.57,True,1,60.130352,24.515715
2026-06-12T11:22:51.563594+00:00,36.3,-40.6,20.5,0.57,True,3,60.130352,24.515715
2026-06-12T11:22:51.665736+00:00,36.3,-40.6,20.6,0.57,True,3,60.130352,24.515715
2026-06-12T11:22:51.792898+00:00,36.3,-40.6,20.5,0.56,True,4,60.130352,24.515715
2026-06-12T11:22:51.879755+00:00,36.3,-40.6,20.6,0.57,True,3,60.130352,24.515715
2026-06-12T11:22:51.966451+00:00,36.3,-40.6,20.5,0.56,True,4,60.130352,24.515715
2026-06-12T11:22:52.055431+00:00,36.3,-40.6,20.5,0.57,True,4,60.130352,24.515715
2026-06-12T11:22:52.222218+00:00,36.3,-40.6,20.5,0.57,True,4,60.130352,24.515715
2026-06-12T11:22:52.301923+00:00,36.3,-40.6,20.4,0.56,True,4,60.130352,24.515715
2026-06-12T11:22:52.351578+00:00,36.3,-40.6,20.8,0.57,True,3,60.130352,24.515715
2026-06-12T11:22:52.486064+00:00,36.3,-40.6,20.4,0.56,True,3,60.130352,24.515715
2026-06-12T11:22:52.585876+00:00,36.3,-40.6,20.6,0.57,True,3,60.130352,24.515715
2026-06-12T11:22:52.680110+00:00,36.3,-40.6,20.4,0.56,True,3,60.130352,24.515715
2026-06-12T11:22:52.763272+00:00,36.3,-40.6,20.3,0.56,True,3,60.130352,24.515715
2026-06-12T11:22:52.900002+00:00,36.3,-40.6,20.5,0.57,True,5,60.130352,24.515715
2026-06-12T11:22:53.003138+00:00,36.3,-40.6,20.4,0.56,True,5,60.130352,24.515715
2026-06-12T11:22:53.111603+00:00,29.3,-40.6,12.1,0.41,True,5,60.13041,24.515617
2026-06-12T11:22:53.158846+00:00,29.3,-40.6,12.0,0.41,True,5,60.13041,24.515617
2026-06-12T11:22:53.254678+00:00,29.3,-40.6,12.3,0.42,True,5,60.13041,24.515617
2026-06-12T11:22:53.374088+00:00,29.3,-40.6,12.0,0.41,True,5,60.13041,24.515617
2026-06-12T11:22:53.461409+00:00,29.3,-40.6,12.2,0.41,True,5,60.13041,24.515617
2026-06-12T11:22:53.569371+00:00,29.3,-40.6,11.9,0.41,True,5,60.13041,24.515617
2026-06-12T11:22:53.653991+00:00,29.3,-40.6,12.2,0.42,True,5,60.13041,24.515617
2026-06-12T11:22:53.777153+00:00,29.3,-40.6,11.7,0.4,True,6,60.13041,24.515617
2026-06-12T11:22:53.900786+00:00,29.3,-40.6,12.1,0.41,True,5,60.13041,24.515617
2026-06-12T11:22:53.987037+00:00,29.3,-40.6,11.9,0.41,True,6,60.13041,24.515617
2026-06-12T11:22:54.080499+00:00,29.3,-40.6,12.1,0.41,True,6,60.13041,24.515617
2026-06-12T11:22:54.165247+00:00,29.3,-40.6,11.9,0.41,True,6,60.13041,24.515617
2026-06-12T11:22:54.251210+00:00,29.3,-40.6,11.9,0.41,True,5,60.13041,24.515617
2026-06-12T11:22:54.354628+00:00,29.3,-40.6,11.9,0.4,True,5,60.13041,24.515617
2026-06-12T11:22:54.459578+00:00,29.3,-40.6,11.9,0.4,True,5,60.13041,24.515617
2026-06-12T11:22:54.604835+00:00,29.3,-40.6,11.9,0.41,True,3,60.13041,24.515617
2026-06-12T11:22:54.672961+00:00,29.3,-40.6,11.9,0.4,True,3,60.13041,24.515617
2026-06-12T11:22:54.764909+00:00,29.3,-40.6,11.9,0.41,True,2,60.13041,24.515617
2026-06-12T11:22:54.875300+00:00,29.3,-40.6,11.8,0.4,True,2,60.13041,24.515617
2026-06-12T11:22:54.984620+00:00,29.3,-40.6,11.9,0.41,True,2,60.13041,24.515617
2026-06-12T11:22:55.073921+00:00,29.3,-40.6,11.8,0.4,True,2,60.13041,24.515617
2026-06-12T11:22:55.157346+00:00,29.3,-40.6,11.9,0.41,True,2,60.13041,24.515617
2026-06-12T11:22:55.265402+00:00,25.5,-40.6,11.8,0.46,True,1,60.130413,24.51562
2026-06-12T11:22:55.354564+00:00,25.5,-40.6,11.7,0.46,True,1,60.130413,24.51562
2026-06-12T11:22:55.514625+00:00,25.5,-40.6,11.7,0.46,True,1,60.130413,24.51562
2026-06-12T11:22:55.585780+00:00,25.5,-40.6,11.8,0.46,True,1,60.130413,24.51562
2026-06-12T11:22:55.674689+00:00,25.5,-40.6,11.7,0.46,True,1,60.130413,24.51562
2026-06-12T11:22:55.768721+00:00,25.5,-40.6,11.8,0.46,True,1,60.130413,24.51562
2026-06-12T11:22:55.896122+00:00,25.5,-40.6,11.8,0.46,True,1,60.130413,24.51562
2026-06-12T11:22:55.971392+00:00,25.5,-40.6,11.9,0.47,True,1,60.130413,24.51562
2026-06-12T11:22:56.059356+00:00,25.5,-40.6,12.2,0.48,True,1,60.130413,24.51562
2026-06-12T11:22:56.163349+00:00,22.5,-40.6,8.9,0.39,True,1,60.13043,24.515574
2026-06-12T11:22:56.282992+00:00,22.5,-40.6,8.7,0.39,True,1,60.13043,24.515574
2026-06-12T11:22:56.418955+00:00,22.5,-40.6,8.9,0.39,True,1,60.13043,24.515574
2026-06-12T11:22:56.512257+00:00,22.5,-40.6,9.0,0.4,True,1,60.13043,24.515574
2026-06-12T11:22:56.579330+00:00,22.5,-40.6,9.0,0.4,True,1,60.13043,24.515574
2026-06-12T11:22:56.656689+00:00,22.5,-40.6,8.9,0.4,True,1,60.13043,24.515574
2026-06-12T11:22:56.782021+00:00,22.5,-40.6,9.0,0.4,True,1,60.13043,24.515574
2026-06-12T11:22:56.876262+00:00,22.5,-40.6,8.9,0.4,True,1,60.13043,24.515574
2026-06-12T11:22:56.956877+00:00,22.5,-40.6,9.0,0.4,True,1,60.13043,24.515574
2026-06-12T11:22:57.104777+00:00,22.5,-40.6,8.9,0.4,True,1,60.13043,24.515574
2026-06-12T11:22:57.150914+00:00,22.5,-40.6,8.9,0.4,True,1,60.13043,24.515574
2026-06-12T11:22:57.309574+00:00,22.5,-40.6,9.0,0.4,True,1,60.13043,24.515574
2026-06-12T11:22:57.351679+00:00,22.5,-40.6,8.9,0.4,True,1,60.13043,24.515574
2026-06-12T11:22:57.467758+00:00,22.5,-40.6,9.0,0.4,True,1,60.13043,24.515574
2026-06-12T11:22:57.556485+00:00,22.5,-40.6,9.0,0.4,True,1,60.13043,24.515574
2026-06-12T11:22:57.655744+00:00,22.5,-40.6,9.0,0.4,True,1,60.13043,24.515574
2026-06-12T11:22:57.810017+00:00,22.5,-40.6,9.0,0.4,True,1,60.13043,24.515574
2026-06-12T11:22:57.871896+00:00,22.5,-40.6,8.9,0.4,True,1,60.13043,24.515574
2026-06-12T11:22:58.042059+00:00,22.5,-40.6,8.9,0.4,True,1,60.13043,24.515574
2026-06-12T11:22:58.083462+00:00,22.5,-40.6,9.1,0.4,True,1,60.13043,24.515574
2026-06-12T11:22:58.190806+00:00,21.5,-40.6,7.8,0.36,True,1,60.130436,24.515553
2026-06-12T11:22:58.289574+00:00,21.5,-40.6,7.8,0.36,True,1,60.130436,24.515553
2026-06-12T11:22:58.376477+00:00,21.5,-40.6,7.8,0.36,True,1,60.130436,24.515553
2026-06-12T11:22:58.460866+00:00,21.5,-40.6,7.7,0.36,True,1,60.130436,24.515553
2026-06-12T11:22:58.565861+00:00,21.5,-40.6,7.7,0.36,True,1,60.130436,24.515553
2026-06-12T11:22:58.705321+00:00,21.5,-40.6,7.7,0.36,True,1,60.130436,24.515553
2026-06-12T11:22:58.840858+00:00,21.5,-40.6,7.5,0.35,True,1,60.130436,24.515553
2026-06-12T11:22:58.863221+00:00,21.5,-40.6,7.5,0.35,True,1,60.130436,24.515553
2026-06-12T11:22:58.965984+00:00,21.5,-40.6,7.5,0.35,True,1,60.130436,24.515553
2026-06-12T11:22:59.062867+00:00,21.5,-40.6,7.5,0.35,True,1,60.130436,24.515553
2026-06-12T11:22:59.155969+00:00,21.5,-40.6,7.4,0.35,True,1,60.130436,24.515553
2026-06-12T11:22:59.252383+00:00,21.5,-40.6,7.5,0.35,True,1,60.130436,24.515553
2026-06-12T11:22:59.401219+00:00,21.5,-40.6,7.5,0.35,True,1,60.130436,24.515553
2026-06-12T11:22:59.469559+00:00,21.5,-40.6,7.4,0.35,True,1,60.130436,24.515553
2026-06-12T11:22:59.575869+00:00,21.5,-40.6,7.4,0.35,True,1,60.130436,24.515553
2026-06-12T11:22:59.664504+00:00,21.5,-40.6,7.4,0.35,True,1,60.130436,24.515553
2026-06-12T11:22:59.770390+00:00,21.5,-40.6,7.5,0.35,True,1,60.130436,24.515553
2026-06-12T11:22:59.855638+00:00,21.5,-40.6,7.5,0.35,True,1,60.130436,24.515553
2026-06-12T11:22:59.964089+00:00,21.5,-40.6,7.5,0.35,True,1,60.130436,24.515553
2026-06-12T11:23:00.142941+00:00,21.5,-40.6,7.5,0.35,True,1,60.130436,24.515553
2026-06-12T11:23:00.205796+00:00,21.5,-40.6,7.5,0.35,True,1,60.130436,24.515553
2026-06-12T11:23:00.283008+00:00,21.5,-40.6,7.4,0.34,True,1,60.130436,24.51555
2026-06-12T11:23:00.377013+00:00,21.5,-40.6,7.4,0.34,True,1,60.130436,24.51555
2026-06-12T11:23:00.454813+00:00,21.5,-40.6,7.4,0.35,True,1,60.130436,24.51555
2026-06-12T11:23:00.564936+00:00,21.5,-40.6,7.4,0.34,True,1,60.130436,24.51555
2026-06-12T11:23:00.657814+00:00,21.5,-40.6,7.4,0.34,True,1,60.130436,24.51555
2026-06-12T11:23:00.751747+00:00,21.5,-40.6,7.4,0.35,True,1,60.130436,24.51555
2026-06-12T11:23:00.894120+00:00,21.5,-40.6,7.4,0.35,True,1,60.130436,24.51555
2026-06-12T11:23:00.967501+00:00,21.5,-40.6,7.4,0.35,True,1,60.130436,24.51555
2026-06-12T11:23:01.108140+00:00,21.5,-40.6,7.4,0.35,True,1,60.130436,24.51555
2026-06-12T11:23:01.161792+00:00,21.5,-40.6,7.4,0.34,True,1,60.130436,24.51555
2026-06-12T11:23:01.287908+00:00,21.5,-40.6,7.4,0.35,True,1,60.130436,24.51555
2026-06-12T11:23:01.364199+00:00,21.5,-40.6,7.4,0.34,True,1,60.130436,24.51555
2026-06-12T11:23:01.455951+00:00,21.5,-40.6,7.4,0.34,True,1,60.130436,24.51555
2026-06-12T11:23:01.554724+00:00,21.5,-40.6,7.4,0.34,True,1,60.130436,24.51555
2026-06-12T11:23:01.662152+00:00,21.5,-40.6,7.4,0.34,True,1,60.130436,24.51555
2026-06-12T11:23:01.758439+00:00,21.5,-40.6,7.4,0.34,True,1,60.130436,24.51555
2026-06-12T11:23:01.892603+00:00,21.5,-40.6,7.4,0.34,True,1,60.130436,24.51555
2026-06-12T11:23:01.963130+00:00,21.5,-40.6,7.4,0.34,True,1,60.130436,24.51555
2026-06-12T11:23:02.074770+00:00,21.5,-40.6,7.4,0.34,True,1,60.130436,24.51555
2026-06-12T11:23:02.161888+00:00,21.5,-40.6,7.4,0.34,True,1,60.130436,24.51555
2026-06-12T11:23:02.276758+00:00,21.5,-40.6,7.4,0.35,True,1,60.130436,24.51555
2026-06-12T11:23:02.372860+00:00,20.1,-40.6,7.5,0.37,True,1,60.130436,24.515553
2026-06-12T11:23:02.466500+00:00,20.1,-40.6,7.5,0.37,True,1,60.130436,24.515553
2026-06-12T11:23:02.566890+00:00,20.1,-40.6,7.5,0.37,True,1,60.130436,24.515553
2026-06-12T11:23:02.677917+00:00,20.1,-40.6,7.5,0.37,True,1,60.130436,24.515553
2026-06-12T11:23:02.765574+00:00,20.1,-40.6,7.5,0.37,True,1,60.130436,24.515553
2026-06-12T11:23:02.884108+00:00,20.1,-40.6,7.5,0.37,True,1,60.130436,24.515553
2026-06-12T11:23:02.976816+00:00,20.1,-40.6,7.5,0.37,True,1,60.130436,24.515553
2026-06-12T11:23:03.064135+00:00,20.1,-40.6,7.5,0.37,True,1,60.130436,24.515553
2026-06-12T11:23:03.205680+00:00,20.1,-40.6,7.5,0.37,True,1,60.130436,24.515553
2026-06-12T11:23:03.259701+00:00,20.1,-40.6,7.6,0.38,True,1,60.130436,24.515553
2026-06-12T11:23:03.398146+00:00,20.1,-40.6,7.5,0.37,True,1,60.130436,24.515553
2026-06-12T11:23:03.475885+00:00,20.1,-40.6,7.5,0.38,True,1,60.130436,24.515553
2026-06-12T11:23:03.579906+00:00,20.1,-40.6,7.8,0.39,True,1,60.130436,24.515553
2026-06-12T11:23:03.666229+00:00,20.1,-40.6,7.8,0.39,True,1,60.130436,24.515553
2026-06-12T11:23:03.752252+00:00,20.1,-40.6,7.7,0.38,True,1,60.130436,24.515553
2026-06-12T11:23:03.867796+00:00,20.1,-40.6,7.8,0.39,True,1,60.130436,24.515553
2026-06-12T11:23:03.954399+00:00,20.1,-40.6,8.2,0.41,True,1,60.130436,24.515553
2026-06-12T11:23:04.057147+00:00,20.1,-40.6,7.9,0.39,True,1,60.130436,24.515553
2026-06-12T11:23:04.230632+00:00,20.1,-40.6,7.8,0.39,True,1,60.130436,24.515553
2026-06-12T11:23:04.324508+00:00,20.1,-40.6,8.2,0.41,True,1,60.130436,24.515553
2026-06-12T11:23:04.380531+00:00,20.1,-40.6,8.0,0.4,True,1,60.130436,24.515553
2026-06-12T11:23:04.500273+00:00,19.3,-40.6,7.1,0.37,True,1,60.130444,24.51554
2026-06-12T11:23:04.556224+00:00,19.3,-40.6,7.0,0.36,True,1,60.130444,24.51554
2026-06-12T11:23:04.662720+00:00,19.3,-40.6,6.9,0.36,True,1,60.130444,24.51554
2026-06-12T11:23:04.779616+00:00,19.3,-40.6,7.0,0.36,True,1,60.130444,24.51554
2026-06-12T11:23:04.857246+00:00,19.3,-40.6,7.0,0.36,True,1,60.130444,24.51554
2026-06-12T11:23:04.961456+00:00,19.3,-40.6,6.9,0.36,True,1,60.130444,24.51554
2026-06-12T11:23:05.090038+00:00,19.3,-40.6,6.9,0.36,True,1,60.130444,24.51554
2026-06-12T11:23:05.152866+00:00,19.3,-40.6,7.0,0.36,True,1,60.130444,24.51554
2026-06-12T11:23:05.278396+00:00,19.3,-40.6,7.0,0.36,True,1,60.130444,24.51554
2026-06-12T11:23:05.377901+00:00,19.3,-40.6,7.0,0.36,True,1,60.130444,24.51554
2026-06-12T11:23:05.467720+00:00,19.3,-40.6,7.0,0.36,True,1,60.130444,24.51554
2026-06-12T11:23:05.587128+00:00,19.3,-40.6,7.0,0.36,True,1,60.130444,24.51554
2026-06-12T11:23:05.655459+00:00,19.3,-40.6,7.0,0.36,True,1,60.130444,24.51554
2026-06-12T11:23:05.779338+00:00,19.3,-40.6,7.1,0.37,True,1,60.130444,24.51554
2026-06-12T11:23:05.855229+00:00,19.3,-40.6,7.1,0.37,True,1,60.130444,24.51554
2026-06-12T11:23:05.987734+00:00,19.3,-40.6,7.1,0.37,True,1,60.130444,24.51554
2026-06-12T11:23:06.081220+00:00,19.3,-40.6,7.2,0.37,True,1,60.130444,24.51554
2026-06-12T11:23:06.185940+00:00,19.3,-40.6,7.1,0.37,True,1,60.130444,24.51554
2026-06-12T11:23:06.252428+00:00,19.3,-40.6,7.2,0.37,True,1,60.130444,24.51554
2026-06-12T11:23:06.369267+00:00,19.3,-40.6,7.1,0.37,True,1,60.130444,24.51554
2026-06-12T11:23:06.476183+00:00,19.3,-40.6,7.2,0.37,True,1,60.130444,24.51554
2026-06-12T11:23:06.612775+00:00,19.3,-40.6,7.2,0.37,True,1,60.130444,24.51554
2026-06-12T11:23:06.682268+00:00,18.1,-40.6,5.9,0.33,True,1,60.13045,24.515518
2026-06-12T11:23:06.757820+00:00,18.1,-40.6,5.9,0.33,True,1,60.13045,24.515518
2026-06-12T11:23:06.893226+00:00,18.1,-40.6,5.9,0.33,True,1,60.13045,24.515518
2026-06-12T11:23:06.955473+00:00,18.1,-40.6,5.9,0.32,True,1,60.13045,24.515518
2026-06-12T11:23:07.079688+00:00,18.1,-40.6,5.9,0.32,True,1,60.13045,24.515518
2026-06-12T11:23:07.174063+00:00,18.1,-40.6,5.9,0.32,True,1,60.13045,24.515518
2026-06-12T11:23:07.254228+00:00,18.1,-40.6,5.9,0.32,True,1,60.13045,24.515518
2026-06-12T11:23:07.363255+00:00,18.1,-40.6,5.8,0.32,True,1,60.13045,24.515518
2026-06-12T11:23:07.456782+00:00,18.1,-40.6,5.8,0.32,True,1,60.13045,24.515518
2026-06-12T11:23:07.597755+00:00,18.1,-40.6,5.8,0.32,True,1,60.13045,24.515518
2026-06-12T11:23:07.672847+00:00,18.1,-40.6,5.8,0.32,True,1,60.13045,24.515518
2026-06-12T11:23:07.798345+00:00,18.1,-40.6,5.8,0.32,True,1,60.13045,24.515518
2026-06-12T11:23:07.878210+00:00,18.1,-40.6,5.9,0.32,True,1,60.13045,24.515518
2026-06-12T11:23:07.960906+00:00,18.1,-40.6,6.0,0.33,True,1,60.13045,24.515518
2026-06-12T11:23:08.065074+00:00,18.1,-40.6,5.9,0.32,True,1,60.13045,24.515518
2026-06-12T11:23:08.180180+00:00,18.1,-40.6,6.0,0.33,True,1,60.13045,24.515518
2026-06-12T11:23:08.270109+00:00,18.1,-40.6,6.1,0.34,True,1,60.13045,24.515518
2026-06-12T11:23:08.353821+00:00,18.1,-40.6,6.2,0.34,True,1,60.13045,24.515518
2026-06-12T11:23:08.477578+00:00,18.1,-40.6,5.9,0.33,True,1,60.13045,24.515518
2026-06-12T11:23:08.563025+00:00,18.1,-40.6,5.8,0.32,True,1,60.13045,24.515518
2026-06-12T11:23:08.650676+00:00,18.1,-40.6,5.9,0.33,True,1,60.13045,24.515518
2026-06-12T11:23:08.752416+00:00,17.1,-40.6,5.5,0.32,True,1,60.13045,24.515514
2026-06-12T11:23:08.884074+00:00,17.1,-40.6,5.4,0.32,True,1,60.13045,24.515514
2026-06-12T11:23:08.980212+00:00,17.1,-40.6,5.5,0.32,True,1,60.13045,24.515514
2026-06-12T11:23:09.060114+00:00,17.1,-40.6,5.1,0.3,True,1,60.13045,24.515514
2026-06-12T11:23:09.151815+00:00,17.1,-40.6,5.3,0.31,True,1,60.13045,24.515514
2026-06-12T11:23:09.319408+00:00,17.1,-40.6,5.0,0.29,True,1,60.13045,24.515514
2026-06-12T11:23:09.417659+00:00,17.1,-40.6,5.2,0.3,True,1,60.13045,24.515514
2026-06-12T11:23:09.511370+00:00,17.1,-40.6,4.6,0.27,True,1,60.13045,24.515514
2026-06-12T11:23:09.579000+00:00,17.1,-40.6,4.6,0.27,True,1,60.13045,24.515514
2026-06-12T11:23:09.661495+00:00,17.1,-40.6,4.5,0.27,True,1,60.13045,24.515514
2026-06-12T11:23:09.778925+00:00,17.1,-40.6,4.5,0.27,True,1,60.13045,24.515514
2026-06-12T11:23:09.867156+00:00,17.1,-40.6,4.5,0.27,True,1,60.13045,24.515514
2026-06-12T11:23:09.959468+00:00,17.1,-40.6,4.5,0.26,True,1,60.13045,24.515514
2026-06-12T11:23:10.060450+00:00,17.1,-40.6,4.6,0.27,True,1,60.13045,24.515514
2026-06-12T11:23:10.203064+00:00,17.1,-40.6,4.5,0.26,True,1,60.13045,24.515514
2026-06-12T11:23:10.281658+00:00,17.1,-40.6,4.5,0.27,True,1,60.13045,24.515514
2026-06-12T11:23:10.380383+00:00,17.1,-40.6,4.5,0.27,True,1,60.13045,24.515514
2026-06-12T11:23:10.477671+00:00,17.1,-40.6,4.5,0.27,True,1,60.13045,24.515514
2026-06-12T11:23:10.589736+00:00,17.1,-40.6,4.5,0.27,True,1,60.13045,24.515514
2026-06-12T11:23:10.668802+00:00,17.1,-40.6,4.5,0.26,True,1,60.13045,24.515514
2026-06-12T11:23:10.754693+00:00,17.1,-40.6,4.5,0.26,True,1,60.13045,24.515514
2026-06-12T11:23:10.853222+00:00,16.1,-40.6,4.4,0.27,True,1,60.13045,24.51551
2026-06-12T11:23:10.972694+00:00,16.1,-40.6,4.3,0.27,True,1,60.13045,24.51551
2026-06-12T11:23:11.055544+00:00,16.1,-40.6,4.3,0.27,True,1,60.13045,24.51551
2026-06-12T11:23:11.195333+00:00,16.1,-40.6,4.3,0.27,True,1,60.13045,24.51551
2026-06-12T11:23:11.290807+00:00,16.1,-40.6,4.3,0.27,True,1,60.13045,24.51551
2026-06-12T11:23:11.370368+00:00,16.1,-40.6,4.3,0.27,True,1,60.13045,24.51551
2026-06-12T11:23:11.456941+00:00,16.1,-40.6,4.3,0.27,True,1,60.13045,24.51551
2026-06-12T11:23:11.615802+00:00,16.1,-40.6,4.1,0.25,True,1,60.13045,24.51551
2026-06-12T11:23:11.685086+00:00,16.1,-40.6,4.2,0.26,True,1,60.13045,24.51551
2026-06-12T11:23:11.808072+00:00,16.1,-40.6,4.1,0.25,True,1,60.13045,24.51551
2026-06-12T11:23:11.895125+00:00,16.1,-40.6,4.2,0.26,True,1,60.13045,24.51551
2026-06-12T11:23:11.961016+00:00,16.1,-40.6,3.6,0.23,True,1,60.13045,24.51551
2026-06-12T11:23:12.069816+00:00,16.1,-40.6,3.6,0.23,True,1,60.13045,24.51551
2026-06-12T11:23:12.201855+00:00,16.1,-40.6,3.6,0.23,True,1,60.13045,24.51551
2026-06-12T11:23:14.279750+00:00,15.8,-18.6,6.0,0.38,True,1,60.13045,24.51551
2026-06-12T11:23:14.377064+00:00,15.8,-18.6,10.7,0.67,True,1,60.13045,24.51551
2026-06-12T11:23:14.494834+00:00,15.8,-18.6,10.7,0.67,True,1,60.13045,24.51551
2026-06-12T11:23:14.582575+00:00,15.8,-18.6,10.7,0.67,True,1,60.13045,24.51551
2026-06-12T11:23:14.650309+00:00,15.8,-18.6,10.1,0.64,True,1,60.13045,24.51551
2026-06-12T11:23:14.756443+00:00,15.8,-18.6,10.1,0.64,True,1,60.13045,24.51551
2026-06-12T11:23:14.863738+00:00,15.8,-18.6,10.1,0.64,True,1,60.13045,24.51551
2026-06-12T11:23:14.970155+00:00,15.5,29.8,8.5,0.55,True,1,60.13045,24.51551
2026-06-12T11:23:15.061602+00:00,15.5,29.8,7.6,0.49,True,1,60.13045,24.51551
2026-06-12T11:23:15.206672+00:00,15.5,29.8,8.5,0.55,True,1,60.13045,24.51551
2026-06-12T11:23:15.279970+00:00,15.5,29.8,7.6,0.49,True,1,60.13045,24.51551
2026-06-12T11:23:15.361646+00:00,15.5,29.8,6.7,0.44,True,1,60.13045,24.51551
2026-06-12T11:23:15.462105+00:00,15.5,29.8,6.7,0.43,True,1,60.13045,24.51551
2026-06-12T11:23:15.562566+00:00,15.5,29.8,1.2,0.08,True,1,60.13045,24.51551
2026-06-12T11:23:15.664292+00:00,15.5,29.8,6.8,0.44,True,1,60.13045,24.51551
2026-06-12T11:23:15.802684+00:00,15.5,29.8,1.2,0.08,True,1,60.13045,24.51551
2026-06-12T11:23:15.894715+00:00,15.5,29.8,1.0,0.06,True,1,60.13045,24.51551
2026-06-12T11:23:15.981097+00:00,15.5,29.8,0.7,0.04,True,1,60.13045,24.51551
2026-06-12T11:23:16.069046+00:00,15.5,29.8,0.7,0.04,True,1,60.13045,24.51551
2026-06-12T11:23:16.153981+00:00,15.5,29.8,0.7,0.04,True,1,60.13045,24.51551
2026-06-12T11:23:16.327811+00:00,15.5,29.8,0.5,0.04,True,1,60.13045,24.51551
2026-06-12T11:23:16.419890+00:00,15.5,29.8,0.5,0.03,True,1,60.13045,24.51551
2026-06-12T11:23:16.462912+00:00,15.5,29.8,0.4,0.03,True,1,60.13045,24.51551
2026-06-12T11:23:16.576730+00:00,15.5,29.8,0.4,0.02,True,1,60.13045,24.51551
2026-06-12T11:23:16.658847+00:00,15.5,29.8,0.4,0.02,True,1,60.13045,24.51551
2026-06-12T11:23:16.814752+00:00,15.5,29.8,0.4,0.02,True,1,60.13045,24.51551
2026-06-12T11:23:16.909188+00:00,15.5,29.8,0.3,0.02,True,1,60.13045,24.51551
2026-06-12T11:23:17.030567+00:00,15.5,29.8,0.3,0.02,True,1,60.13045,24.51551
2026-06-12T11:23:17.083526+00:00,15.5,29.8,0.3,0.02,True,1,60.13045,24.51551
2026-06-12T11:23:17.161041+00:00,15.5,29.8,0.3,0.02,True,1,60.13045,24.51551
2026-06-12T11:23:17.293036+00:00,15.4,23.1,0.2,0.02,True,1,60.13045,24.51551
2026-06-12T11:23:17.360327+00:00,15.4,23.1,0.3,0.02,True,1,60.13045,24.51551
2026-06-12T11:23:17.461263+00:00,15.4,23.1,0.3,0.02,True,1,60.13045,24.51551
2026-06-12T11:23:17.573099+00:00,15.4,23.1,0.3,0.02,True,1,60.13045,24.51551
2026-06-12T11:23:17.667295+00:00,15.4,23.1,0.3,0.02,True,1,60.13045,24.51551
2026-06-12T11:23:17.781318+00:00,15.4,23.1,0.3,0.02,True,1,60.13045,24.51551
2026-06-12T11:23:17.857332+00:00,15.4,23.1,0.3,0.02,True,1,60.13045,24.51551
2026-06-12T11:23:18.005288+00:00,15.4,23.1,0.3,0.02,True,1,60.13045,24.51551
2026-06-12T11:23:18.085453+00:00,15.4,23.1,0.3,0.02,True,1,60.13045,24.51551
2026-06-12T11:23:18.172264+00:00,15.4,23.1,0.3,0.02,True,1,60.13045,24.51551
2026-06-12T11:23:18.302169+00:00,15.4,23.1,0.3,0.02,True,1,60.13045,24.51551
2026-06-12T11:23:18.379121+00:00,15.4,23.1,0.3,0.02,True,1,60.13045,24.51551
2026-06-12T11:23:18.453210+00:00,15.4,23.1,0.3,0.02,True,1,60.13045,24.51551
2026-06-12T11:23:18.563149+00:00,15.4,23.1,0.3,0.02,True,1,60.13045,24.51551
2026-06-12T11:23:18.673811+00:00,15.4,23.1,0.3,0.02,True,1,60.13045,24.51551
2026-06-12T11:23:18.752113+00:00,15.4,23.1,0.3,0.02,True,1,60.13045,24.51551
2026-06-12T11:23:18.907802+00:00,15.4,23.1,0.3,0.02,True,1,60.13045,24.51551
2026-06-12T11:23:18.962358+00:00,15.4,23.1,0.3,0.02,True,1,60.13045,24.51551
2026-06-12T11:23:19.109537+00:00,15.4,23.1,0.3,0.02,True,1,60.13045,24.51551
2026-06-12T11:23:19.196148+00:00,15.4,23.1,0.3,0.02,True,1,60.13045,24.51551
2026-06-12T11:23:19.267058+00:00,15.4,23.1,0.3,0.02,True,1,60.13045,24.51551
2026-06-12T11:23:19.422491+00:00,15.3,0.0,0.3,0.02,True,1,60.13045,24.51551
2026-06-12T11:23:19.497151+00:00,15.3,0.0,0.3,0.02,True,1,60.13045,24.51551
2026-06-12T11:23:19.555871+00:00,15.3,0.0,0.3,0.02,True,1,60.13045,24.51551
2026-06-12T11:23:19.689932+00:00,15.3,0.0,0.3,0.02,True,1,60.13045,24.51551
2026-06-12T11:23:19.805143+00:00,15.3,0.0,0.3,0.02,True,1,60.13045,24.51551
2026-06-12T11:23:19.885794+00:00,15.3,0.0,0.3,0.02,True,1,60.13045,24.51551
2026-06-12T11:23:19.984338+00:00,15.3,0.0,0.3,0.02,True,1,60.13045,24.51551
2026-06-12T11:23:20.067208+00:00,15.3,0.0,0.3,0.02,True,1,60.13045,24.51551
2026-06-12T11:23:20.157505+00:00,15.3,0.0,0.3,0.02,True,1,60.13045,24.51551
2026-06-12T11:23:20.270309+00:00,15.3,0.0,0.3,0.02,True,1,60.13045,24.51551
2026-06-12T11:23:20.362271+00:00,15.3,0.0,0.3,0.02,True,1,60.13045,24.51551
2026-06-12T11:23:20.451060+00:00,15.3,0.0,0.3,0.02,True,1,60.13045,24.51551
2026-06-12T11:23:20.588066+00:00,15.3,0.0,0.3,0.02,True,1,60.13045,24.51551
2026-06-12T11:23:20.675857+00:00,15.3,0.0,0.3,0.02,True,1,60.13045,24.51551
2026-06-12T11:23:20.759795+00:00,15.3,0.0,0.3,0.02,True,1,60.13045,24.51551
2026-06-12T11:23:20.860774+00:00,15.3,0.0,0.3,0.02,True,1,60.13045,24.51551
2026-06-12T11:23:20.973176+00:00,15.3,0.0,0.3,0.02,True,1,60.13045,24.51551
2026-06-12T11:23:21.097859+00:00,15.3,0.0,0.3,0.02,True,1,60.13045,24.51551
2026-06-12T11:23:21.184628+00:00,15.3,0.0,0.3,0.02,True,1,60.13045,24.51551
2026-06-12T11:23:21.267223+00:00,15.3,0.0,0.3,0.02,True,1,60.13045,24.51551
2026-06-12T11:23:21.351970+00:00,15.3,0.0,0.3,0.02,True,1,60.13045,24.51551
2026-06-12T11:23:21.464295+00:00,15.4,0.0,0.3,0.02,True,1,60.13045,24.51551
2026-06-12T11:23:21.554171+00:00,15.4,0.0,0.3,0.02,True,1,60.13045,24.51551
2026-06-12T11:23:21.667302+00:00,15.4,0.0,0.3,0.02,True,1,60.13045,24.51551
2026-06-12T11:23:21.759913+00:00,15.4,0.0,0.3,0.02,True,1,60.13045,24.51551
2026-06-12T11:23:21.864605+00:00,15.4,0.0,0.3,0.02,True,1,60.13045,24.51551
2026-06-12T11:23:21.954658+00:00,15.4,0.0,0.3,0.02,True,1,60.13045,24.51551
2026-06-12T11:23:22.095444+00:00,15.4,0.0,0.3,0.02,True,1,60.13045,24.51551
2026-06-12T11:23:22.175514+00:00,15.4,0.0,0.3,0.02,True,1,60.13045,24.51551
2026-06-12T11:23:22.259291+00:00,15.3,0.0,0.3,0.02,True,1,60.13045,24.51551
2026-06-12T11:23:22.365360+00:00,15.3,0.0,0.3,0.02,True,1,60.13045,24.51551
2026-06-12T11:23:22.475612+00:00,15.3,0.0,0.3,0.02,True,1,60.13045,24.51551
2026-06-12T11:23:22.560893+00:00,15.3,0.0,0.3,0.02,True,1,60.13045,24.51551
2026-06-12T11:23:22.695162+00:00,15.3,0.0,0.3,0.02,True,1,60.13045,24.51551
2026-06-12T11:23:22.783782+00:00,15.3,0.0,0.3,0.02,True,1,60.13045,24.51551
2026-06-12T11:23:22.858658+00:00,15.3,0.0,0.3,0.02,True,1,60.13045,24.51551
2026-06-12T11:23:22.994781+00:00,15.3,0.0,0.3,0.02,True,1,60.13045,24.51551
2026-06-12T11:23:23.055948+00:00,15.3,0.0,0.3,0.02,True,1,60.13045,24.51551
2026-06-12T11:23:23.167868+00:00,15.3,0.0,0.3,0.02,True,1,60.13045,24.51551
2026-06-12T11:23:23.265064+00:00,15.3,0.0,0.3,0.02,True,1,60.13045,24.51551
2026-06-12T11:23:23.363845+00:00,15.3,0.0,0.3,0.02,True,1,60.13045,24.51551
2026-06-12T11:23:23.472733+00:00,15.3,0.0,0.3,0.02,True,1,60.13045,24.51551
2026-06-12T11:23:23.576519+00:00,15.3,0.0,0.3,0.02,True,1,60.13045,24.51551
2026-06-12T11:23:23.690295+00:00,15.3,0.0,0.3,0.02,True,1,60.13045,24.51551
2026-06-12T11:23:23.774842+00:00,15.3,0.0,0.3,0.02,True,1,60.13045,24.51551
2026-06-12T11:23:23.869897+00:00,15.3,0.0,0.3,0.02,True,1,60.13045,24.51551
2026-06-12T11:23:24.072949+00:00,15.3,0.0,0.3,0.02,True,1,60.13045,24.51551
2026-06-12T11:23:25.515556+00:00,15.3,0.0,0.3,0.02,True,1,60.13045,24.51551
2026-06-12T11:23:25.580279+00:00,15.3,0.0,0.3,0.02,True,1,60.13045,24.51551
2026-06-12T11:23:25.665640+00:00,15.3,0.0,0.3,0.02,True,1,60.13045,24.51551
2026-06-12T11:23:25.751728+00:00,15.3,0.0,0.3,0.02,True,1,60.13045,24.51551
2026-06-12T11:23:25.867805+00:00,15.3,0.0,0.3,0.02,True,1,60.13045,24.51551
2026-06-12T11:23:25.997081+00:00,15.3,0.0,0.3,0.02,True,1,60.13045,24.51551
2026-06-12T11:23:26.065698+00:00,15.3,0.0,0.3,0.02,True,1,60.13045,24.51551
2026-06-12T11:23:26.153837+00:00,15.3,0.0,0.3,0.02,True,1,60.13045,24.51551
2026-06-12T11:23:26.267735+00:00,15.3,0.0,0.3,0.02,True,1,60.13045,24.51551
2026-06-12T11:23:26.381590+00:00,15.3,0.0,0.3,0.02,True,1,60.13045,24.51551
2026-06-12T11:23:26.465583+00:00,15.3,0.0,0.3,0.02,True,1,60.13045,24.51551
2026-06-12T11:23:26.564211+00:00,15.3,0.0,0.3,0.02,True,1,60.13045,24.51551
2026-06-12T11:23:26.655967+00:00,15.3,0.0,0.3,0.02,True,1,60.13045,24.51551
2026-06-12T11:23:26.752442+00:00,15.3,0.0,0.3,0.02,True,1,60.13045,24.51551
2026-06-12T11:23:26.889503+00:00,15.3,0.0,0.3,0.02,True,1,60.13045,24.51551
2026-06-12T11:23:26.968321+00:00,15.3,0.0,0.3,0.02,True,1,60.13045,24.51551
2026-06-12T11:23:27.062827+00:00,15.3,0.0,0.3,0.02,True,1,60.13045,24.51551
2026-06-12T11:23:27.172267+00:00,15.3,0.0,0.3,0.02,True,1,60.13045,24.51551
2026-06-12T11:23:27.253914+00:00,15.3,0.0,0.3,0.02,True,1,60.13045,24.51551
2026-06-12T11:23:29.500642+00:00,15.3,0.0,0.3,0.02,True,1,60.13045,24.51551
2026-06-12T11:23:29.579616+00:00,15.3,0.0,0.3,0.02,True,1,60.13045,24.51551
2026-06-12T11:23:29.660644+00:00,15.3,0.0,0.3,0.02,True,1,60.13045,24.51551
2026-06-12T11:23:29.758858+00:00,15.3,0.0,0.3,0.02,True,1,60.13045,24.51551
2026-06-12T11:23:29.850739+00:00,15.3,0.0,0.3,0.02,True,1,60.13045,24.51551
2026-06-12T11:23:29.958165+00:00,15.3,0.0,0.3,0.02,True,1,60.13045,24.51551
2026-06-12T11:23:30.085290+00:00,15.3,0.0,0.3,0.02,True,1,60.13045,24.51551
2026-06-12T11:23:30.170471+00:00,15.3,0.0,0.3,0.02,True,1,60.13045,24.51551
2026-06-12T11:23:30.258796+00:00,15.3,0.0,0.3,0.02,True,1,60.13045,24.51551
2026-06-12T11:23:30.389847+00:00,15.3,0.0,0.3,0.02,True,1,60.13045,24.51551
2026-06-12T11:23:30.494636+00:00,15.3,0.0,0.3,0.02,True,1,60.13045,24.51551
2026-06-12T11:23:30.569046+00:00,15.3,0.0,0.3,0.02,True,1,60.13045,24.51551
2026-06-12T11:23:30.655048+00:00,15.3,0.0,0.3,0.02,True,1,60.13045,24.51551
2026-06-12T11:23:30.785077+00:00,15.3,0.0,0.3,0.02,True,1,60.13045,24.51551
2026-06-12T11:23:30.861683+00:00,15.3,0.0,0.3,0.02,True,1,60.13045,24.51551
2026-06-12T11:23:30.977269+00:00,15.3,0.0,0.3,0.02,True,1,60.13045,24.51551
2026-06-12T11:23:31.062814+00:00,15.3,0.0,0.3,0.02,True,1,60.13045,24.51551
2026-06-12T11:23:31.152575+00:00,15.3,0.0,0.3,0.02,True,1,60.13045,24.51551
2026-06-12T11:23:31.317584+00:00,15.3,0.0,0.3,0.02,True,1,60.13045,24.51551
2026-06-12T11:23:31.386429+00:00,15.3,0.0,0.3,0.02,True,1,60.13045,24.51551
2026-06-12T11:23:31.473225+00:00,15.3,0.0,0.3,0.02,True,1,60.13045,24.51551
2026-06-12T11:23:31.590544+00:00,15.3,0.0,0.3,0.02,True,1,60.13045,24.51551
2026-06-12T11:23:31.665014+00:00,15.3,0.0,0.3,0.02,True,1,60.13045,24.51551
2026-06-12T11:23:31.763451+00:00,15.3,0.0,0.3,0.02,True,1,60.13045,24.51551
2026-06-12T11:23:31.884302+00:00,15.3,0.0,0.3,0.02,True,1,60.13045,24.51551
2026-06-12T11:23:31.951160+00:00,15.3,0.0,0.3,0.02,True,1,60.13045,24.51551
2026-06-12T11:23:32.063003+00:00,15.3,0.0,0.3,0.02,True,1,60.13045,24.51551
2026-06-12T11:23:32.202622+00:00,15.3,0.0,0.3,0.02,True,1,60.13045,24.51551
2026-06-12T11:23:32.257674+00:00,15.3,0.0,0.3,0.02,True,1,60.13045,24.51551
2026-06-12T11:23:32.414462+00:00,15.3,0.0,0.3,0.02,True,1,60.13045,24.51551
2026-06-12T11:23:32.497978+00:00,15.3,0.0,0.3,0.02,True,1,60.13045,24.51551
2026-06-12T11:23:32.553010+00:00,15.3,0.0,0.3,0.02,True,1,60.13045,24.51551
2026-06-12T11:23:32.658705+00:00,15.3,0.0,0.3,0.02,True,1,60.13045,24.51551
2026-06-12T11:23:32.763058+00:00,15.3,0.0,0.3,0.02,True,1,60.13045,24.51551
2026-06-12T11:23:32.864825+00:00,15.3,0.0,0.3,0.02,True,1,60.13045,24.51551
2026-06-12T11:23:32.964645+00:00,15.3,0.0,0.3,0.02,True,1,60.13045,24.51551
2026-06-12T11:23:33.100497+00:00,15.3,0.0,0.3,0.02,True,1,60.13045,24.51551
2026-06-12T11:23:33.168432+00:00,15.3,0.0,0.3,0.02,True,1,60.13045,24.51551
2026-06-12T11:23:33.252853+00:00,15.3,0.0,0.3,0.02,True,1,60.13045,24.51551
2026-06-12T11:23:33.356096+00:00,15.3,0.0,0.3,0.02,True,1,60.13045,24.51551
2026-06-12T11:23:33.460910+00:00,15.3,0.0,0.3,0.02,True,1,60.13045,24.51551
2026-06-12T11:23:33.595710+00:00,15.3,0.0,0.3,0.02,True,1,60.13045,24.51551
2026-06-12T11:23:33.659837+00:00,15.3,0.0,0.3,0.02,True,1,60.13045,24.51551
2026-06-12T11:23:33.821300+00:00,15.3,0.0,0.3,0.02,True,1,60.13045,24.51551
2026-06-12T11:23:33.907693+00:00,15.3,0.0,0.3,0.02,True,1,60.13045,24.51551
2026-06-12T11:23:33.993110+00:00,15.3,0.0,0.3,0.02,True,1,60.13045,24.51551
2026-06-12T11:23:34.075364+00:00,15.3,0.0,0.3,0.02,True,1,60.13045,24.51551
2026-06-12T11:23:34.176002+00:00,15.3,0.0,0.3,0.02,True,1,60.13045,24.51551
2026-06-12T11:23:34.269396+00:00,15.3,0.0,0.3,0.02,True,1,60.13045,24.51551
2026-06-12T11:23:34.350398+00:00,15.3,0.0,0.3,0.02,True,1,60.13045,24.51551
2026-06-12T11:23:34.538004+00:00,15.3,0.0,0.3,0.02,True,1,60.13045,24.51551
2026-06-12T11:23:34.558578+00:00,15.3,0.0,0.3,0.02,True,1,60.13045,24.51551
2026-06-12T11:23:34.701356+00:00,15.3,0.0,0.3,0.02,True,1,60.13045,24.51551
2026-06-12T11:23:34.769516+00:00,15.3,0.0,0.3,0.02,True,1,60.13045,24.51551
2026-06-12T11:23:34.860316+00:00,15.3,0.0,0.3,0.02,True,1,60.13045,24.51551
2026-06-12T11:23:34.954370+00:00,15.3,0.0,0.3,0.02,True,1,60.13045,24.51551
2026-06-12T11:23:35.053457+00:00,15.3,0.0,0.3,0.02,True,1,60.13045,24.51551
2026-06-12T11:23:35.206539+00:00,15.3,0.0,0.3,0.02,True,1,60.13045,24.51551
2026-06-12T11:23:35.260094+00:00,15.3,0.0,0.3,0.02,True,1,60.13045,24.51551
2026-06-12T11:23:35.350324+00:00,15.3,0.0,0.3,0.02,True,1,60.13045,24.51551
2026-06-12T11:23:35.475765+00:00,15.3,0.0,0.3,0.02,True,1,60.13045,24.51551
2026-06-12T11:23:35.560529+00:00,15.3,0.0,0.3,0.02,True,1,60.13045,24.51551
2026-06-12T11:23:35.676910+00:00,15.3,0.0,0.3,0.02,True,1,60.13045,24.51551
2026-06-12T11:23:35.786422+00:00,15.3,0.0,0.3,0.02,True,1,60.13045,24.51551
2026-06-12T11:23:35.856302+00:00,15.3,0.0,0.3,0.02,True,1,60.13045,24.51551
2026-06-12T11:23:35.970736+00:00,15.3,0.0,0.3,0.02,True,1,60.13045,24.51551
2026-06-12T11:23:36.052350+00:00,15.3,0.0,0.3,0.02,True,1,60.13045,24.51551
2026-06-12T11:23:36.172982+00:00,15.3,0.0,0.3,0.02,True,1,60.13045,24.51551
2026-06-12T11:23:36.258784+00:00,15.3,0.0,0.3,0.02,True,1,60.13045,24.51551
2026-06-12T11:23:36.366028+00:00,15.3,0.0,0.3,0.02,True,1,60.13045,24.51551
2026-06-12T11:23:36.458043+00:00,15.3,0.0,0.3,0.02,True,1,60.13045,24.51551
2026-06-12T11:23:36.553736+00:00,15.3,0.0,0.3,0.02,True,1,60.13045,24.51551
2026-06-12T11:23:36.690502+00:00,15.3,0.0,0.3,0.02,True,1,60.13045,24.51551
2026-06-12T11:23:36.780236+00:00,15.3,0.0,0.3,0.02,True,1,60.13045,24.51551
2026-06-12T11:23:36.869806+00:00,15.3,0.0,0.3,0.02,True,1,60.13045,24.51551
2026-06-12T11:23:36.962269+00:00,15.3,0.0,0.3,0.02,True,1,60.13045,24.51551
2026-06-12T11:23:37.088861+00:00,15.3,0.0,0.3,0.02,True,1,60.13045,24.51551
2026-06-12T11:23:37.174023+00:00,15.3,0.0,0.3,0.02,True,1,60.13045,24.51551
2026-06-12T11:23:37.266286+00:00,15.3,0.0,0.3,0.02,True,1,60.13045,24.51551
2026-06-12T11:23:37.372364+00:00,15.3,0.0,0.3,0.02,True,1,60.13045,24.51551
2026-06-12T11:23:37.525211+00:00,15.3,0.0,0.3,0.02,True,1,60.13045,24.51551
2026-06-12T11:23:37.716044+00:00,15.3,0.0,0.3,0.02,True,1,60.13045,24.51551
2026-06-12T11:23:37.924241+00:00,15.3,0.0,0.3,0.02,True,1,60.13045,24.51551
2026-06-12T11:23:38.010603+00:00,15.3,0.0,0.3,0.02,True,1,60.13045,24.51551
2026-06-12T11:23:38.682926+00:00,15.3,0.0,0.3,0.02,True,1,60.13045,24.51551
2026-06-12T11:23:38.759113+00:00,15.3,0.0,0.3,0.02,True,1,60.13045,24.51551
2026-06-12T11:23:38.859153+00:00,15.3,0.0,0.3,0.02,True,1,60.13045,24.51551
2026-06-12T11:23:38.993739+00:00,15.3,0.0,0.3,0.02,True,1,60.13045,24.51551
2026-06-12T11:23:39.060907+00:00,15.3,0.0,0.3,0.02,True,1,60.13045,24.51551
2026-06-12T11:23:39.159632+00:00,15.3,0.0,0.3,0.02,True,1,60.13045,24.51551
2026-06-12T11:23:39.279608+00:00,15.3,0.0,0.3,0.02,True,1,60.13045,24.51551
2026-06-12T11:23:39.374585+00:00,15.3,0.0,0.3,0.02,True,1,60.13045,24.51551
2026-06-12T11:23:39.463904+00:00,15.3,0.0,0.3,0.02,True,1,60.13045,24.51551
2026-06-12T11:23:39.562280+00:00,15.3,0.0,0.3,0.02,True,1,60.13045,24.51551
2026-06-12T11:23:39.650657+00:00,15.3,0.0,0.3,0.02,True,1,60.13045,24.51551
2026-06-12T11:23:39.778894+00:00,15.3,0.0,0.3,0.02,True,1,60.13045,24.51551
2026-06-12T11:23:39.867047+00:00,15.3,0.0,0.3,0.02,True,1,60.13045,24.51551
2026-06-12T11:23:39.968743+00:00,15.3,0.0,0.3,0.02,True,1,60.13045,24.51551
2026-06-12T11:23:40.051874+00:00,15.3,0.0,0.3,0.02,True,1,60.13045,24.51551
2026-06-12T11:23:40.159471+00:00,15.3,0.0,0.3,0.02,True,1,60.13045,24.51551
2026-06-12T11:23:40.277433+00:00,15.3,0.0,0.3,0.02,True,1,60.13045,24.51551
2026-06-12T11:23:40.395215+00:00,15.3,0.0,0.3,0.02,True,1,60.13045,24.51551
2026-06-12T11:23:40.478371+00:00,15.3,0.0,0.3,0.02,True,1,60.13045,24.51551
2026-06-12T11:23:40.566139+00:00,15.3,0.0,0.3,0.02,True,1,60.13045,24.51551
2026-06-12T11:23:40.658952+00:00,15.3,0.0,0.3,0.02,True,1,60.13045,24.51551
2026-06-12T11:23:40.754767+00:00,15.3,0.0,0.3,0.02,True,1,60.13045,24.51551
2026-06-12T11:23:40.903470+00:00,15.3,0.0,0.3,0.02,True,1,60.13045,24.51551
2026-06-12T11:23:40.987152+00:00,15.4,0.0,0.3,0.02,True,1,60.13045,24.51551
2026-06-12T11:23:41.060781+00:00,15.4,0.0,0.3,0.02,True,1,60.13045,24.51551
2026-06-12T11:23:41.211097+00:00,15.4,0.0,0.3,0.02,True,1,60.13045,24.51551
2026-06-12T11:23:41.294868+00:00,15.4,0.0,0.3,0.02,True,1,60.13045,24.51551
2026-06-12T11:23:41.388631+00:00,15.4,0.0,0.3,0.02,True,1,60.13045,24.51551
2026-06-12T11:23:41.465993+00:00,15.4,0.0,0.3,0.02,True,1,60.13045,24.51551
2026-06-12T11:23:41.556391+00:00,15.4,0.0,0.3,0.02,True,1,60.13045,24.51551
2026-06-12T11:23:41.717340+00:00,15.4,0.0,0.3,0.02,True,1,60.13045,24.51551
2026-06-12T11:23:41.785166+00:00,15.4,0.0,0.3,0.02,True,1,60.13045,24.51551
2026-06-12T11:23:41.858545+00:00,15.4,0.0,0.3,0.02,True,1,60.13045,24.51551
2026-06-12T11:23:41.984315+00:00,15.4,0.0,0.3,0.02,True,1,60.13045,24.51551
2026-06-12T11:23:42.076785+00:00,15.4,0.0,0.3,0.02,True,1,60.13045,24.51551
2026-06-12T11:23:42.169110+00:00,15.4,0.0,0.3,0.02,True,1,60.13045,24.51551
2026-06-12T11:23:42.300232+00:00,15.4,0.0,0.3,0.02,True,1,60.13045,24.51551
2026-06-12T11:23:42.377957+00:00,15.4,0.0,0.3,0.02,True,1,60.13045,24.51551
2026-06-12T11:23:42.465672+00:00,15.4,0.0,0.3,0.02,True,1,60.13045,24.51551
2026-06-12T11:23:42.553858+00:00,15.4,0.0,0.3,0.02,True,1,60.13045,24.51551
2026-06-12T11:23:42.687293+00:00,15.4,0.0,0.3,0.02,True,1,60.13045,24.51551
2026-06-12T11:23:42.787209+00:00,15.4,0.0,0.3,0.02,True,1,60.13045,24.51551
2026-06-12T11:23:42.907705+00:00,15.4,0.0,0.3,0.02,True,1,60.13045,24.51551
2026-06-12T11:23:42.965995+00:00,15.4,0.0,0.3,0.02,True,1,60.13045,24.51551
2026-06-12T11:23:43.086403+00:00,15.4,0.0,0.3,0.02,True,1,60.13045,24.51551
2026-06-12T11:23:43.180130+00:00,15.4,0.0,0.3,0.02,True,1,60.13045,24.51551
2026-06-12T11:23:43.251066+00:00,15.4,0.0,0.3,0.02,True,1,60.13045,24.51551
2026-06-12T11:23:43.358138+00:00,15.4,0.0,0.3,0.02,True,1,60.13045,24.51551
2026-06-12T11:23:43.450579+00:00,15.4,0.0,0.3,0.02,True,1,60.13045,24.51551
2026-06-12T11:23:43.557209+00:00,15.4,0.0,0.3,0.02,True,1,60.13045,24.51551
2026-06-12T11:23:43.697221+00:00,15.4,0.0,0.3,0.02,True,1,60.13045,24.51551
2026-06-12T11:23:43.893533+00:00,15.4,0.0,0.3,0.02,True,1,60.13045,24.51551
2026-06-12T11:23:44.286994+00:00,15.4,0.0,0.3,0.02,True,1,60.13045,24.51551
2026-06-12T11:23:44.363365+00:00,15.4,0.0,0.3,0.02,True,1,60.13045,24.51551
2026-06-12T11:23:44.450052+00:00,15.4,0.0,0.3,0.02,True,1,60.13045,24.51551
2026-06-12T11:23:44.605398+00:00,15.4,0.0,0.3,0.02,True,1,60.13045,24.51551
2026-06-12T11:23:44.704053+00:00,15.4,0.0,0.3,0.02,True,1,60.13045,24.51551
2026-06-12T11:23:44.760573+00:00,15.4,0.0,0.3,0.02,True,1,60.13045,24.51551
2026-06-12T11:23:44.864993+00:00,15.4,0.0,0.3,0.02,True,1,60.13045,24.51551
2026-06-12T11:23:44.990213+00:00,15.4,0.0,0.3,0.02,True,1,60.13045,24.51551
2026-06-12T11:23:45.052290+00:00,15.4,0.0,0.3,0.02,True,1,60.13045,24.51551
2026-06-12T11:23:45.176259+00:00,15.4,0.0,0.3,0.02,True,1,60.13045,24.51551
2026-06-12T11:23:45.256377+00:00,15.4,0.0,0.3,0.02,True,1,60.13045,24.51551
2026-06-12T11:23:45.381655+00:00,15.4,0.0,0.3,0.02,True,1,60.13045,24.51551
2026-06-12T11:23:45.469152+00:00,15.4,0.0,0.3,0.02,True,1,60.13045,24.51551
2026-06-12T11:23:45.562887+00:00,15.4,0.0,0.3,0.02,True,1,60.13045,24.51551
2026-06-12T11:23:45.687437+00:00,15.4,0.0,0.3,0.02,True,1,60.13045,24.51551
2026-06-12T11:23:45.802534+00:00,15.4,0.0,0.3,0.02,True,1,60.13045,24.51551
2026-06-12T11:23:45.903935+00:00,15.4,0.0,0.3,0.02,True,1,60.13045,24.51551
2026-06-12T11:23:45.991178+00:00,15.4,0.0,0.3,0.02,True,1,60.13045,24.51551
2026-06-12T11:23:46.073367+00:00,15.4,0.0,0.3,0.02,True,1,60.13045,24.51551
2026-06-12T11:23:46.158631+00:00,15.4,0.0,0.3,0.02,True,1,60.13045,24.51551
2026-06-12T11:23:46.270428+00:00,15.4,0.0,0.3,0.02,True,1,60.13045,24.51551
2026-06-12T11:23:46.381722+00:00,15.4,0.0,0.3,0.02,True,1,60.13045,24.51551
2026-06-12T11:23:46.465413+00:00,15.4,0.0,0.3,0.02,True,1,60.13045,24.51551
2026-06-12T11:23:46.566643+00:00,15.4,0.0,0.3,0.02,True,1,60.13045,24.51551
2026-06-12T11:23:46.670478+00:00,15.4,0.0,0.3,0.02,True,1,60.13045,24.51551
2026-06-12T11:23:46.797635+00:00,15.4,0.0,0.3,0.02,True,1,60.13045,24.51551
2026-06-12T11:23:47.973420+00:00,15.4,0.0,0.3,0.02,True,1,60.13045,24.51551
2026-06-12T11:23:48.057806+00:00,15.4,0.0,0.3,0.02,True,1,60.13045,24.51551
2026-06-12T11:23:48.169096+00:00,15.4,0.0,0.3,0.02,True,1,60.13045,24.51551
2026-06-12T11:23:48.254039+00:00,15.4,0.0,0.3,0.02,True,1,60.13045,24.51551
2026-06-12T11:23:48.372603+00:00,15.4,0.0,0.3,0.02,True,1,60.13045,24.51551
2026-06-12T11:23:48.462296+00:00,15.4,0.0,0.3,0.02,True,1,60.13045,24.51551
2026-06-12T11:23:48.566239+00:00,15.4,0.0,0.3,0.02,True,1,60.13045,24.51551
2026-06-12T11:23:48.681894+00:00,15.4,0.0,0.3,0.02,True,1,60.13045,24.51551
2026-06-12T11:23:48.792832+00:00,15.4,0.0,0.3,0.02,True,1,60.13045,24.51551
2026-06-12T11:23:48.909138+00:00,15.4,0.0,0.3,0.02,True,1,60.13045,24.51551
